ID	x	y	Tribe	VID	Village	User_ID	Player	AID	Alliance	Pop	Pop_d-1	difference1	Pop_d-2	difference2	distance	links
333589	-28	-16	1	128	Di Maleno`s village	94	Di Maleno	0		12	12	0	12	0	4.5	https://ts81.travian.com/karte.php?x=-28&y=-16
339996	-29	-24	3	585	PTR1`s village	370	PTR1	0		15	15	0	15	0	5.0	https://ts81.travian.com/karte.php?x=-29&y=-24
337591	-31	-21	1	517	Oxford`s village	329	Oxford	0		8	8	0	8	0	5.1	https://ts81.travian.com/karte.php?x=-31&y=-21
341603	-24	-26	1	435	1	278	klingenmeister	0		25	25	0	25	0	6.3	https://ts81.travian.com/karte.php?x=-24&y=-26
336788	-33	-20	1	741	01 Alderaan	488	tisse	0		201	201	0	201	0	7.0	https://ts81.travian.com/karte.php?x=-33&y=-20
331184	-30	-13	1	222	axe57	133	axe57	0		96	96	0	92	4	8.1	https://ts81.travian.com/karte.php?x=-30&y=-13
331983	-32	-14	1	483	pepa`s village	296	pepa	0		8	8	0	8	0	8.5	https://ts81.travian.com/karte.php?x=-32&y=-14
334384	-34	-17	1	673	King Milo`s village	412	King Milo	0		22	22	0	22	0	8.5	https://ts81.travian.com/karte.php?x=-34&y=-17
337587	-35	-21	2	821	ELITExDRAGONZ`s village	541	ELITExDRAGONZ	0		11	11	0	11	0	9.1	https://ts81.travian.com/karte.php?x=-35&y=-21
344000	-30	-29	1	932	Rat88`s village	358	Rat88	0		12	12	0	12	0	9.8	https://ts81.travian.com/karte.php?x=-30&y=-29
331180	-34	-13	1	500	Fin12`s village	312	Fin12	0		28	28	0	28	0	10.6	https://ts81.travian.com/karte.php?x=-34&y=-13
342394	-34	-27	3	1023	Slug`s village	700	Slug	0		10	10	0	10	0	10.6	https://ts81.travian.com/karte.php?x=-34&y=-27
344809	-22	-30	3	502	1	286	dystopian	0		36	36	0	36	0	10.8	https://ts81.travian.com/karte.php?x=-22&y=-30
337585	-37	-21	1	1003	Zeus`s village	677	Zeus	0		39	39	0	39	0	11.0	https://ts81.travian.com/karte.php?x=-37&y=-21
327980	-30	-9	2	69	Droken`s village	95	Droken	0		262	262	0	262	0	11.7	https://ts81.travian.com/karte.php?x=-30&y=-9
341611	-16	-26	1	71	Kullervo`s village	103	Kullervo	0		8	8	0	8	0	11.7	https://ts81.travian.com/karte.php?x=-16&y=-26
336783	-38	-20	1	1033	aragorn`s village	710	aragorn	0		8	8	0	8	0	12.0	https://ts81.travian.com/karte.php?x=-38&y=-20
346407	-26	-32	1	865	therealtester`s village	578	therealtester	0		8	8	0	8	0	12.0	https://ts81.travian.com/karte.php?x=-26&y=-32
344797	-34	-30	3	1221	PaccaRiattacca`s village	735	PaccaRiattacca	0		12	12	0	12	0	12.8	https://ts81.travian.com/karte.php?x=-34&y=-30
341613	-14	-26	1	28	Icarus`s village	15	Icarus	0		124	124	0	124	0	13.4	https://ts81.travian.com/karte.php?x=-14&y=-26
347204	-30	-33	2	1239	① Rivia	818	Geralt of Rivia	0		91	91	0	91	0	13.6	https://ts81.travian.com/karte.php?x=-30&y=-33
347212	-22	-33	2	804	arash_minaee	493	arash_minaee	0		48	48	0	48	0	13.6	https://ts81.travian.com/karte.php?x=-22&y=-33
348010	-25	-34	1	931	eNVy4ever`s village	628	eNVy4ever	0		143	143	0	143	0	14.0	https://ts81.travian.com/karte.php?x=-25&y=-34
343993	-37	-29	1	1443	&#34;ao&#34;	960	Agruv over	39	vip	50	50	0	50	0	14.2	https://ts81.travian.com/karte.php?x=-37&y=-29
348006	-29	-34	2	1227	arekli	815	arekli	0		37	37	0	37	0	14.3	https://ts81.travian.com/karte.php?x=-29&y=-34
325577	-30	-6	2	3119	New village	91	Sheev	17	salling	5	5	0	3	2	14.6	https://ts81.travian.com/karte.php?x=-30&y=-6
339985	-40	-24	2	1434	War`s village	943	War	0		11	11	0	11	0	14.6	https://ts81.travian.com/karte.php?x=-40&y=-24
325576	-31	-6	2	76	Sheev`s	91	Sheev	17	salling	435	435	0	431	4	14.9	https://ts81.travian.com/karte.php?x=-31&y=-6
329574	-38	-11	1	791	marius1024`s village	401	marius1024	0		37	37	0	37	0	15.0	https://ts81.travian.com/karte.php?x=-38&y=-11
346398	-35	-32	2	1333	Trakyali39`s village	908	Trakyali39	0		8	8	0	8	0	15.0	https://ts81.travian.com/karte.php?x=-35&y=-32
348808	-28	-35	2	1228	Atro100`s village	816	Atro100	0		22	22	0	22	0	15.1	https://ts81.travian.com/karte.php?x=-28&y=-35
348015	-20	-34	2	717	sajjadintel`s village	436	sajjadintel	0		12	12	0	12	0	15.2	https://ts81.travian.com/karte.php?x=-20&y=-34
345595	-37	-31	3	1513	Bloater`s village	1015	Bloater	0		10	10	0	10	0	15.6	https://ts81.travian.com/karte.php?x=-37&y=-31
337580	-42	-21	2	1433	hristogg`s village	955	hristogg	0		12	12	0	12	0	16.0	https://ts81.travian.com/karte.php?x=-42&y=-21
327172	-37	-8	3	571	AFK`s village	360	AFK	0		15	15	0	15	0	16.3	https://ts81.travian.com/karte.php?x=-37&y=-8
342387	-41	-27	3	1518	ykhv`s village	1044	ykhv	0		31	31	0	31	0	16.6	https://ts81.travian.com/karte.php?x=-41&y=-27
345593	-39	-31	1	1779	Gallum`s village	1264	Gallum	0		8	8	0	8	0	17.0	https://ts81.travian.com/karte.php?x=-39&y=-31
346395	-38	-32	1	1617	1	1065	Canis major	0		48	48	0	48	0	17.0	https://ts81.travian.com/karte.php?x=-38&y=-32
350411	-27	-37	2	1321	YYY`s village	895	YYY	0		27	27	0	27	0	17.0	https://ts81.travian.com/karte.php?x=-27&y=-37
334375	-43	-17	3	1278	00	854	Souxie	0		164	164	0	164	0	17.3	https://ts81.travian.com/karte.php?x=-43&y=-17
343989	-41	-29	1	1737	ronit`s village	1241	ronit	0		11	11	0	11	0	17.5	https://ts81.travian.com/karte.php?x=-41&y=-29
349618	-19	-36	3	854	1	554	kepetdarasta	0		60	60	0	60	0	17.5	https://ts81.travian.com/karte.php?x=-19&y=-36
351213	-26	-38	3	1323	Death`s village	876	Death	0		64	64	0	64	0	18.0	https://ts81.travian.com/karte.php?x=-26&y=-38
338379	-44	-22	1	1567	Icon`s village	1089	Icon	0		20	20	0	20	0	18.1	https://ts81.travian.com/karte.php?x=-44&y=-22
351217	-22	-38	2	1141	Hell Hole	742	maanmomani	0		100	100	0	100	0	18.4	https://ts81.travian.com/karte.php?x=-22&y=-38
332772	-44	-15	1	1318	EAV`s village	889	EAV	0		33	33	0	33	0	18.7	https://ts81.travian.com/karte.php?x=-44&y=-15
350420	-18	-37	3	860	Tatjana`s village	569	Tatjana	0		11	11	0	11	0	18.8	https://ts81.travian.com/karte.php?x=-18&y=-37
335174	-45	-18	2	1491	takht jamshid	995	hoseinghoorchi	0		39	39	0	39	0	19.1	https://ts81.travian.com/karte.php?x=-45&y=-18
345590	-42	-31	1	1953	Alken	1363	Chaddox	0		126	126	0	126	0	19.4	https://ts81.travian.com/karte.php?x=-42&y=-31
344788	-43	-30	3	2005	K1nG	1369	K!nG	0		40	40	0	40	0	19.7	https://ts81.travian.com/karte.php?x=-43&y=-30
347223	-11	-33	3	433	Harry Potter`s village	281	Harry Potter	0		18	18	0	18	0	19.8	https://ts81.travian.com/karte.php?x=-11&y=-33
348823	-13	-35	1	540	snowwa69`s village	338	snowwa69	0		43	43	0	43	0	19.8	https://ts81.travian.com/karte.php?x=-13&y=-35
346423	-10	-32	1	315	dezcroix	236	dezcroix	0		106	106	0	106	0	20.0	https://ts81.travian.com/karte.php?x=-10&y=-32
322367	-36	-2	1	498	THC`s village	251	THC	0		24	24	0	24	0	20.6	https://ts81.travian.com/karte.php?x=-36&y=-2
352022	-18	-39	3	1031	Salivandr`s village	711	Salivandr	0		8	8	0	8	0	20.6	https://ts81.travian.com/karte.php?x=-18&y=-39
327166	-43	-8	1	1040	Staffanstorp	696	Superhoops	0		88	88	0	88	0	20.8	https://ts81.travian.com/karte.php?x=-43&y=-8
350424	-14	-37	1	805	D4nN1`s village	536	D4nN1	0		18	18	0	18	0	20.8	https://ts81.travian.com/karte.php?x=-14&y=-37
352821	-20	-40	1	1195	Bohemond`s village	770	Bohemond	0		23	23	0	23	0	20.9	https://ts81.travian.com/karte.php?x=-20&y=-40
333570	-47	-16	2	1764	.	1257	PlayForFun	0		91	91	0	91	0	21.4	https://ts81.travian.com/karte.php?x=-47&y=-16
353621	-21	-41	2	1282	Armadillo	858	Dizzy	0		11	11	0	11	0	21.6	https://ts81.travian.com/karte.php?x=-21&y=-41
352824	-17	-40	1	983	001	666	Myoxx	0		63	63	0	63	0	21.9	https://ts81.travian.com/karte.php?x=-17&y=-40
348026	-9	-34	2	418	Josakralj 26`s village	266	Josakralj 26	0		21	21	0	21	0	22.0	https://ts81.travian.com/karte.php?x=-9&y=-34
339176	-48	-23	2	2144	0.0	1477	boogeyman	0		114	114	0	114	0	22.2	https://ts81.travian.com/karte.php?x=-48&y=-23
354412	-31	-42	1	2109	1	1441	NIS81	0		16	16	0	16	0	22.6	https://ts81.travian.com/karte.php?x=-31&y=-42
346387	-46	-32	2	2468	ciderdrinker	1862	ciderdrinker	0		39	39	0	39	0	23.3	https://ts81.travian.com/karte.php?x=-46&y=-32
352827	-14	-40	3	954	SLOdef`s village	636	SLOdef	0		39	39	0	39	0	23.3	https://ts81.travian.com/karte.php?x=-14&y=-40
332767	-49	-15	3	1949	freed3ng`s village	1361	freed3ng	0		15	15	0	15	0	23.5	https://ts81.travian.com/karte.php?x=-49&y=-15
347990	-45	-34	3	2494	Rullators`s village	1880	Rullators	0		26	26	0	26	0	23.6	https://ts81.travian.com/karte.php?x=-45&y=-34
353605	-37	-41	3	2360	Nasta	1779	jaaaaaa	0		46	46	0	46	0	23.7	https://ts81.travian.com/karte.php?x=-37&y=-41
353627	-15	-41	1	1142	mikas2`s village	755	mikas2	0		63	63	0	63	0	23.7	https://ts81.travian.com/karte.php?x=-15&y=-41
337572	-50	-21	3	2270	Pepe666`s village	1635	Pepe666	0		35	35	0	35	0	24.0	https://ts81.travian.com/karte.php?x=-50&y=-21
356018	-27	-44	1	2108	Google`s village	1443	Google	0		11	11	0	11	0	24.0	https://ts81.travian.com/karte.php?x=-27&y=-44
356022	-23	-44	3	1749	Alpha	1247	Mao	0		78	78	0	78	0	24.2	https://ts81.travian.com/karte.php?x=-23&y=-44
339975	-50	-24	3	2338	Tpaccep`s village	1734	Tpaccep	0		10	10	0	10	0	24.3	https://ts81.travian.com/karte.php?x=-50&y=-24
355210	-34	-43	2	2336	01	1729	mohammad king	43	Iran	51	51	0	42	9	24.4	https://ts81.travian.com/karte.php?x=-34&y=-43
356024	-21	-44	3	1598	mmm123`s village	1098	mmm123	50	G.m.c	50	50	0	50	0	24.5	https://ts81.travian.com/karte.php?x=-21&y=-44
324760	-46	-5	2	1322	Odin`s village	894	Odin	0		14	14	0	14	0	25.0	https://ts81.travian.com/karte.php?x=-46&y=-5
352800	-41	-40	1	2595	01 Jonny	1946	joncoffee	0		296	296	0	296	0	25.0	https://ts81.travian.com/karte.php?x=-41&y=-40
319161	-38	2	1	611	Zardy`s Spawn	376	Zardy	0		447	447	0	447	0	25.1	https://ts81.travian.com/karte.php?x=-38&y=2
354405	-38	-42	1	2609	Leg1on`s village	1951	Leg1on	0		15	15	0	15	0	25.1	https://ts81.travian.com/karte.php?x=-38&y=-42
325560	-47	-6	3	1435	Limitless`s village	958	Limitless	0		12	12	0	12	0	25.2	https://ts81.travian.com/karte.php?x=-47&y=-6
334367	-51	-17	1	2264	Artan`s village	1618	Artan	0		9	9	0	9	0	25.2	https://ts81.travian.com/karte.php?x=-51&y=-17
353630	-12	-41	3	1030	Marsian`s village	712	Marsian	0		65	65	0	65	0	25.2	https://ts81.travian.com/karte.php?x=-12&y=-41
345629	-3	-31	3	70	Cgd`s village	73	Cgd	0		14	14	0	14	0	25.5	https://ts81.travian.com/karte.php?x=-3&y=-31
347186	-48	-33	1	2697	00	2010	prova	0		16	16	0	16	0	25.6	https://ts81.travian.com/karte.php?x=-48&y=-33
356814	-32	-45	1	2387	Ploop`s village	1807	Ploop	0		32	32	0	32	0	25.7	https://ts81.travian.com/karte.php?x=-32&y=-45
328761	-50	-10	2	1901	Alarico`s village	1303	Alarico	0		8	8	0	8	0	26.0	https://ts81.travian.com/karte.php?x=-50&y=-10
357622	-25	-46	3	2114	James47`s village	1446	James47	0		14	14	0	14	0	26.0	https://ts81.travian.com/karte.php?x=-25&y=-46
316762	-34	5	3	283	maestro zen`s village	193	maestro zen	3	IN	29	29	0	29	0	26.2	https://ts81.travian.com/karte.php?x=-34&y=5
317560	-37	4	2	516	istanbul	327	TURK	0		32	32	0	32	0	26.4	https://ts81.travian.com/karte.php?x=-37&y=4
348832	-4	-35	1	417	01 - Cordoba	264	Cicladas	0		59	59	0	59	0	26.6	https://ts81.travian.com/karte.php?x=-4&y=-35
346431	-2	-32	1	108	begy`s village	98	begy	0		8	8	0	8	0	26.8	https://ts81.travian.com/karte.php?x=-2&y=-32
315165	-29	7	1	22	Rivendell	11	Xtinction	0		157	157	0	157	0	27.2	https://ts81.travian.com/karte.php?x=-29&y=7
339171	-53	-23	1	2722	Ice A	2035	xicecharge	0		14	14	0	14	0	27.2	https://ts81.travian.com/karte.php?x=-53&y=-23
315163	-31	7	2	143	Wasil`s village	141	Wasil	0		11	11	0	11	0	27.5	https://ts81.travian.com/karte.php?x=-31&y=7
357630	-17	-46	3	1602	mohamd`s village	874	mohamd	50	G.m.c	61	61	0	61	0	27.5	https://ts81.travian.com/karte.php?x=-17&y=-46
351994	-46	-39	3	2955	Bidewil`s village	2169	Bidewil	0		8	8	0	8	0	27.6	https://ts81.travian.com/karte.php?x=-46&y=-39
351192	-47	-38	3	2966	LoLoX`s village	2187	LoLoX	0		8	8	0	8	0	27.7	https://ts81.travian.com/karte.php?x=-47&y=-38
345580	-52	-31	3	3035	ozgozo`s village	2231	ozgozo	0		8	8	0	8	0	28.2	https://ts81.travian.com/karte.php?x=-52&y=-31
359226	-23	-48	3	2207	C4_Launge`s village	1541	C4_Launge	0		10	10	0	10	0	28.2	https://ts81.travian.com/karte.php?x=-23&y=-48
353635	-7	-41	3	946	Ares	648	shasheenn	0		97	97	0	87	10	28.3	https://ts81.travian.com/karte.php?x=-7&y=-41
356004	-41	-44	3	3002	cakex`s village	2208	cakex	0		8	8	0	8	0	28.3	https://ts81.travian.com/karte.php?x=-41&y=-44
355201	-43	-43	3	3045	Rcs`s village	2240	Rcs	0		12	12	0	12	0	28.6	https://ts81.travian.com/karte.php?x=-43&y=-43
317555	-42	4	1	896	00	617	Asmodeus	0		61	61	0	61	0	28.8	https://ts81.travian.com/karte.php?x=-42&y=4
356035	-10	-44	2	1171	tesadufen`s village	778	tesadufen	0		19	19	0	19	0	28.8	https://ts81.travian.com/karte.php?x=-10&y=-44
337567	-55	-21	3	2832	quafflehowl`s village	2086	quafflehowl	0		10	10	0	10	0	29.0	https://ts81.travian.com/karte.php?x=-55&y=-21
347234	0	-33	2	280	01kasinato	196	kasinato	0		428	428	0	426	2	29.1	https://ts81.travian.com/karte.php?x=0&y=-33
356835	-11	-45	3	1302	Ahoj Čau	881	Vévoda	0		40	40	0	40	0	29.2	https://ts81.travian.com/karte.php?x=-11&y=-45
358411	-37	-47	1	2965	xedo`s village	2186	xedo	0		8	8	0	8	0	29.2	https://ts81.travian.com/karte.php?x=-37&y=-47
313562	-30	9	2	72	Dark-Knight`s village	101	Dark-Knight	0		71	71	0	71	0	29.3	https://ts81.travian.com/karte.php?x=-30&y=9
360020	-30	-49	1	2608	Ragnar03`s village	1949	Ragnar03	0		10	10	0	10	0	29.3	https://ts81.travian.com/karte.php?x=-30&y=-49
323154	-50	-3	3	1748	Montecristo`s Villa	637	Montecristo	0		67	67	0	67	0	29.4	https://ts81.travian.com/karte.php?x=-50&y=-3
352837	-4	-40	2	817	Crag Hack`s village	551	Crag Hack	0		22	22	0	22	0	29.7	https://ts81.travian.com/karte.php?x=-4&y=-40
359233	-16	-48	2	1945	JERICO 1	1354	JERICO	0		89	89	0	82	7	29.7	https://ts81.travian.com/karte.php?x=-16&y=-48
355237	-7	-43	1	1130	DERS`s village	740	DERS	0		54	54	0	51	3	29.8	https://ts81.travian.com/karte.php?x=-7&y=-43
348784	-52	-35	1	5692	Mirniy`s village	2576	Mirniy	0		13	13	0	13	0	30.0	https://ts81.travian.com/karte.php?x=-52&y=-35
351237	-2	-38	2	671	kozak`s village	414	kozak	0		8	8	0	8	0	30.0	https://ts81.travian.com/karte.php?x=-2&y=-38
314356	-37	8	1	621	ja doso nako	383	ja doso nako	0		17	17	0	17	0	30.1	https://ts81.travian.com/karte.php?x=-37&y=8
338367	-56	-22	3	2972	Matilda`s village	2198	Matilda	0		8	8	0	8	0	30.1	https://ts81.travian.com/karte.php?x=-56&y=-22
360829	-22	-50	1	2304	01	1684	fung	0		102	102	0	102	0	30.3	https://ts81.travian.com/karte.php?x=-22&y=-50
319152	-47	2	2	1357	dino`s village	927	dino	0		22	22	0	22	0	30.4	https://ts81.travian.com/karte.php?x=-47&y=2
343975	-55	-29	1	5137	redsus 1	2464	redsus	0		22	22	0	22	0	30.4	https://ts81.travian.com/karte.php?x=-55&y=-29
358408	-40	-47	3	4849	Sanam`s village	2445	Sanam	0		17	17	0	17	0	30.4	https://ts81.travian.com/karte.php?x=-40&y=-47
360015	-35	-49	3	3003	sosepa`s village	2209	sosepa	0		8	8	0	8	0	30.4	https://ts81.travian.com/karte.php?x=-35&y=-49
312757	-34	10	2	318	49ers`s village	227	49ers	0		425	425	0	425	0	31.0	https://ts81.travian.com/karte.php?x=-34&y=10
323152	-52	-3	3	2106	Nopo`s village	1436	Nopo	0		8	8	0	8	0	31.1	https://ts81.travian.com/karte.php?x=-52&y=-3
354395	-48	-42	1	6117	RC1`s village	2642	RC1	0		12	12	0	12	0	31.1	https://ts81.travian.com/karte.php?x=-48&y=-42
329556	-56	-11	3	2581	Yeet village	1944	GopDuck	0		21	21	0	21	0	31.3	https://ts81.travian.com/karte.php?x=-56&y=-11
323952	-53	-4	1	2126	KRS1`s village	1464	KRS1	0		12	12	0	12	0	31.4	https://ts81.travian.com/karte.php?x=-53&y=-4
349638	1	-36	3	522	01	310	lugyi	0		32	32	0	32	0	31.4	https://ts81.travian.com/karte.php?x=1&y=-36
360012	-38	-49	3	3304	Jack`s village	2382	Jack	0		28	28	0	28	0	31.4	https://ts81.travian.com/karte.php?x=-38&y=-49
357603	-44	-46	1	6184	ZP	2678	environprotec	0		56	56	0	56	0	31.6	https://ts81.travian.com/karte.php?x=-44&y=-46
348782	-54	-35	1	6263	1	2698	DzVantage	0		14	14	0	14	0	31.8	https://ts81.travian.com/karte.php?x=-54&y=-35
350385	-53	-37	2	6471	Mr. R`s village	2772	Mr. R	0		43	43	0	0	43	31.9	https://ts81.travian.com/karte.php?x=-53&y=-37
356800	-46	-45	3	6270	MTP`s village	2704	MTP	0		33	33	0	26	7	32.0	https://ts81.travian.com/karte.php?x=-46&y=-45
362428	-25	-52	3	2734	bravoRJ`s village	2039	bravoRJ	0		8	8	0	8	0	32.0	https://ts81.travian.com/karte.php?x=-25&y=-52
335161	-58	-18	2	3132	UNTAMED`s village	2302	UNTAMED	0		15	15	0	15	0	32.1	https://ts81.travian.com/karte.php?x=-58&y=-18
339166	-58	-23	2	5136	001	2465	kohxs	0		26	26	0	26	0	32.1	https://ts81.travian.com/karte.php?x=-58&y=-23
321550	-52	-1	1	2100	Anthem	1435	Rush	0		26	26	0	26	0	32.2	https://ts81.travian.com/karte.php?x=-52&y=-1
352040	0	-39	3	739	puh	498	puh	0		69	69	0	69	0	32.2	https://ts81.travian.com/karte.php?x=0&y=-39
362431	-22	-52	3	2477	Dag_`s village	1861	Dag_	0		12	12	0	12	0	32.2	https://ts81.travian.com/karte.php?x=-22&y=-52
346437	4	-32	1	202	Speed.br`s village	119	Speed.br	0		8	8	0	8	0	32.3	https://ts81.travian.com/karte.php?x=4&y=-32
311158	-31	12	3	146	pazor	140	pazor	0		141	141	0	141	0	32.4	https://ts81.travian.com/karte.php?x=-31&y=12
340768	-58	-25	3	5169	Thetis`s village	2487	Thetis	0		8	8	0	8	0	32.4	https://ts81.travian.com/karte.php?x=-58&y=-25
351240	1	-38	3	696	Thorpi`s village	442	Thorpi	0		12	12	0	12	0	32.4	https://ts81.travian.com/karte.php?x=1&y=-38
358440	-8	-47	3	1517	Masc-17`s village	1025	Masc-17	0		10	10	0	10	0	32.4	https://ts81.travian.com/karte.php?x=-8&y=-47
344774	-57	-30	3	6222	OldSkool`s village	2685	OldSkool	0		11	11	0	11	0	32.6	https://ts81.travian.com/karte.php?x=-57&y=-30
360838	-13	-50	1	2112	Chaxzam 00	1445	chaxzam	0		22	22	0	22	0	32.7	https://ts81.travian.com/karte.php?x=-13&y=-50
311156	-33	12	1	361	babulko`s village	238	babulko	0		30	30	0	30	0	32.8	https://ts81.travian.com/karte.php?x=-33&y=12
323150	-54	-3	2	2271	janlane`s village	1636	janlane	0		8	8	0	8	0	32.8	https://ts81.travian.com/karte.php?x=-54&y=-3
311953	-37	11	3	644	selow`s village	391	selow	0		12	12	0	12	0	32.9	https://ts81.travian.com/karte.php?x=-37&y=11
310361	-27	13	2	29	Dafo`s village	26	Dafo	0		10	10	0	10	0	33.0	https://ts81.travian.com/karte.php?x=-27&y=13
335961	-59	-19	2	5155	01	2479	rickz	0		20	20	0	20	0	33.0	https://ts81.travian.com/karte.php?x=-59&y=-19
358403	-45	-47	3	6489	Gratto`s village	2778	Gratto	0		10	10	0	0	10	33.0	https://ts81.travian.com/karte.php?x=-45&y=-47
313550	-42	9	3	965	Avernus	641	malicyan	0		88	88	0	88	0	33.1	https://ts81.travian.com/karte.php?x=-42&y=9
349582	-55	-36	3	6555	Dark Justice	2799	Ibn Le Roux	0		44	44	0	0	44	33.1	https://ts81.travian.com/karte.php?x=-55&y=-36
327152	-57	-8	1	2702	Minde1582`s village	2021	Minde1582	0		12	12	0	12	0	33.2	https://ts81.travian.com/karte.php?x=-57&y=-8
355996	-49	-44	1	6548	salon`s village	2450	salon	0		11	11	0	0	11	33.2	https://ts81.travian.com/karte.php?x=-49&y=-44
361638	-14	-51	3	2197	Panama`s village	1531	Panama	0		12	12	0	12	0	33.2	https://ts81.travian.com/karte.php?x=-14&y=-51
362436	-17	-52	2	2359	Forbidden city`s village	1775	Forbidden city	0		15	15	0	15	0	33.2	https://ts81.travian.com/karte.php?x=-17&y=-52
356798	-48	-45	3	6898	Sweatysocks22`s village	2880	Sweatysocks22	0		16	16	0	0	16	33.3	https://ts81.travian.com/karte.php?x=-48&y=-45
311153	-36	12	1	580	The Burg	350	Fearkat	24	F.A.R.T.	196	196	0	190	6	33.5	https://ts81.travian.com/karte.php?x=-36&y=12
320802	1	0	1	15	Multihunter`s village	2	Multihunter	1	TG-TS	20	20	0	20	0	33.6	https://ts81.travian.com/karte.php?x=1&y=0
360007	-43	-49	1	6326	Satt`s village	2730	Satt	0		16	16	0	16	0	33.6	https://ts81.travian.com/karte.php?x=-43&y=-49
360041	-9	-49	1	1720	Wtf?	1238	Fiki Miki	0		404	404	0	401	3	33.6	https://ts81.travian.com/karte.php?x=-9&y=-49
355243	-1	-43	2	1022	01	703	sku	0		64	64	0	64	0	34.0	https://ts81.travian.com/karte.php?x=-1&y=-43
364028	-27	-54	1	2959	kebetat`s village	2183	kebetat	0		8	8	0	8	0	34.0	https://ts81.travian.com/karte.php?x=-27&y=-54
311151	-38	12	2	755	Octopus`s village	478	Octopus	0		19	19	0	19	0	34.2	https://ts81.travian.com/karte.php?x=-38&y=12
315147	-47	7	3	1474	Kani`s village	966	Kani	0		11	11	0	11	0	34.2	https://ts81.travian.com/karte.php?x=-47&y=7
329553	-59	-11	3	2968	Marauder`s village	2189	Marauder	0		8	8	0	8	0	34.2	https://ts81.travian.com/karte.php?x=-59&y=-11
361611	-41	-51	1	6298	MVB`s village	2715	MVB	0		17	17	0	17	0	34.4	https://ts81.travian.com/karte.php?x=-41&y=-51
323148	-56	-3	2	2484	One`s village	1875	One	0		19	19	0	19	0	34.5	https://ts81.travian.com/karte.php?x=-56&y=-3
363238	-16	-53	2	2297	Witalia	1671	Witalia	0		47	47	0	47	0	34.5	https://ts81.travian.com/karte.php?x=-16&y=-53
317546	-51	4	1	1904	simba`s village	1311	simba	0		28	28	0	28	0	34.7	https://ts81.travian.com/karte.php?x=-51&y=4
318346	-52	3	1	2075	Moni	1411	Pepe Argento	0		29	29	0	29	0	34.7	https://ts81.travian.com/karte.php?x=-52&y=3
356844	-2	-45	3	1194	Top Defender	727	SuperMK	0		36	36	0	36	0	34.7	https://ts81.travian.com/karte.php?x=-2&y=-45
357644	-3	-46	2	1320	Ofir	879	Refael	0		74	74	0	74	0	34.7	https://ts81.travian.com/karte.php?x=-3&y=-46
344839	8	-30	1	98	Ecum3`s village	116	Ecum3	0		40	40	0	40	0	35.4	https://ts81.travian.com/karte.php?x=8&y=-30
363241	-13	-53	3	2400	WallStreet	1815	Golden guy	0		135	135	0	135	0	35.5	https://ts81.travian.com/karte.php?x=-13&y=-53
315944	-51	6	3	1709	Gundersen`s village	1224	Gundersen	0		28	28	0	28	0	36.1	https://ts81.travian.com/karte.php?x=-51&y=6
329551	-61	-11	2	5091	fake`s village !!	2449	fake	0		12	12	0	12	0	36.1	https://ts81.travian.com/karte.php?x=-61&y=-11
364017	-38	-54	3	6584	Achtung`s village	2810	Achtung	0		12	12	0	0	12	36.1	https://ts81.travian.com/karte.php?x=-38&y=-54
362444	-9	-52	3	2150	Little.King`s village	1483	Little.King	0		8	8	0	8	0	36.2	https://ts81.travian.com/karte.php?x=-9&y=-52
307952	-33	16	1	535	Hallowfell	326	Shadow	0		83	83	0	83	0	36.7	https://ts81.travian.com/karte.php?x=-33&y=16
323946	-59	-4	1	2815	001	2071	Maximus Decimus	0		123	123	0	118	5	36.7	https://ts81.travian.com/karte.php?x=-59&y=-4
343239	10	-28	2	25	Lord Of War`s village	32	Lord Of War	0		61	61	0	61	0	36.9	https://ts81.travian.com/karte.php?x=10&y=-28
352846	5	-40	1	839	Samii`s village	564	Samii	0		13	13	0	13	0	36.9	https://ts81.travian.com/karte.php?x=5&y=-40
356047	2	-44	3	1147	Mahdi997m`s village	743	Mahdi997m	0		8	8	0	8	0	36.9	https://ts81.travian.com/karte.php?x=2&y=-44
365639	-18	-56	3	2848	Shelby`s village	2095	Shelby	0		14	14	0	14	0	36.9	https://ts81.travian.com/karte.php?x=-18&y=-56
308748	-38	15	3	843	Colin the great`s village	520	Colin the great	0		8	8	0	8	0	37.0	https://ts81.travian.com/karte.php?x=-38&y=15
366433	-25	-57	1	4091	LaChazzz`s village	2442	LaChazzz	0		110	110	0	97	13	37.0	https://ts81.travian.com/karte.php?x=-25&y=-57
352046	6	-39	2	709	aiolos	431	aiolos	0		85	85	0	85	0	37.2	https://ts81.travian.com/karte.php?x=6&y=-39
366436	-22	-57	3	3038	ozgozi`s village	2236	ozgozi	0		12	12	0	12	0	37.2	https://ts81.travian.com/karte.php?x=-22&y=-57
347243	9	-33	1	340	kaa`s village	213	kaa	0		17	17	0	17	0	37.3	https://ts81.travian.com/karte.php?x=9&y=-33
328749	-62	-10	2	5690	Teutoburg Forest	2573	Arminius	0		86	86	0	83	3	37.4	https://ts81.travian.com/karte.php?x=-62&y=-10
320743	-58	0	2	2615	kingoftravian`s village	1959	kingoftravian	0		10	10	0	10	0	37.7	https://ts81.travian.com/karte.php?x=-58&y=0
312742	-49	10	3	1613	Gaulic`s village	1150	Gaulic	0		13	13	0	13	0	37.8	https://ts81.travian.com/karte.php?x=-49&y=10
329549	-63	-11	3	6223	Czechnology`s village	2687	Czechnology	0		47	47	0	17	30	38.1	https://ts81.travian.com/karte.php?x=-63&y=-11
333553	-64	-16	1	6579	taneh`s village	2461	taneh	0		14	14	0	0	14	38.2	https://ts81.travian.com/karte.php?x=-64&y=-16
313541	-51	9	1	2072	yes	1405	miracles	0		14	14	0	14	0	38.3	https://ts81.travian.com/karte.php?x=-51&y=9
353648	6	-41	3	889	knightrider5000`s village	555	knightrider5000	0		8	8	0	8	0	38.3	https://ts81.travian.com/karte.php?x=6&y=-41
360049	-1	-49	1	1573	Bundás`s village	1099	Bundás	0		27	27	0	27	0	38.3	https://ts81.travian.com/karte.php?x=-1&y=-49
367228	-31	-58	1	6582	deler`s village	2499	deler	0		13	13	0	0	13	38.3	https://ts81.travian.com/karte.php?x=-31&y=-58
322343	-60	-2	3	3001	Balrog`s village	2205	Balrog	0		8	8	0	8	0	38.5	https://ts81.travian.com/karte.php?x=-60&y=-2
319141	-58	2	3	2670	Burger`s village	1998	Burger	0		65	65	0	65	0	38.8	https://ts81.travian.com/karte.php?x=-58&y=2
315140	-54	7	3	2246	Marlen00i`s village	1589	Marlen00i	0		8	8	0	8	0	38.9	https://ts81.travian.com/karte.php?x=-54&y=7
323143	-61	-3	1	3238	1-Vlaardingen ##	2346	josev	0		34	34	0	31	3	38.9	https://ts81.travian.com/karte.php?x=-61&y=-3
367242	-17	-58	3	2952	kalot44`s village	2166	kalot44	0		8	8	0	8	0	39.1	https://ts81.travian.com/karte.php?x=-17&y=-58
368036	-24	-59	3	5717	thz06224`s village	2589	thz06224	0		10	10	0	10	0	39.1	https://ts81.travian.com/karte.php?x=-24&y=-59
311940	-50	11	3	1751	Zetápolis	1249	Azeta	0		41	41	0	41	0	39.2	https://ts81.travian.com/karte.php?x=-50&y=11
361650	-2	-51	1	1929	Gubbi`s village	1334	Gubbi	0		414	414	0	414	0	39.2	https://ts81.travian.com/karte.php?x=-2&y=-51
309541	-46	14	1	1492	Gokku`s village	1009	Gokku	0		17	17	0	17	0	39.4	https://ts81.travian.com/karte.php?x=-46&y=14
324743	-63	-5	2	5224	Paw Patrol`s village	2521	Paw Patrol	0		22	22	0	22	0	39.9	https://ts81.travian.com/karte.php?x=-63&y=-5
356051	6	-44	1	1064	[1]	718	okidoky	0		77	77	0	77	0	40.0	https://ts81.travian.com/karte.php?x=6&y=-44
368833	-28	-60	1	6791	ggwp`s village	2875	ggwp	0		19	19	0	0	19	40.0	https://ts81.travian.com/karte.php?x=-28&y=-60
368836	-25	-60	3	6481	bilalkanaan`s village	2777	bilalkanaan	0		8	8	0	0	8	40.0	https://ts81.travian.com/karte.php?x=-25&y=-60
322341	-62	-2	3	5152	Valkyria`s village	2474	Valkyria	0		10	10	0	10	0	40.2	https://ts81.travian.com/karte.php?x=-62&y=-2
304750	-31	20	3	536	Raggedyman`s village	325	Raggedyman	0		12	12	0	12	0	40.3	https://ts81.travian.com/karte.php?x=-31&y=20
314338	-55	8	2	2419	TTs`s village	1822	TTs	0		8	8	0	8	0	40.3	https://ts81.travian.com/karte.php?x=-55&y=8
359252	3	-48	3	1540	01	1075	Python	0		73	73	0	73	0	40.3	https://ts81.travian.com/karte.php?x=3&y=-48
312738	-53	10	3	2195	mika vas r	1498	mika	0		74	74	0	74	0	40.4	https://ts81.travian.com/karte.php?x=-53&y=10
305545	-37	19	2	899	totolala`s village	613	totolala	0		8	8	0	8	0	40.5	https://ts81.travian.com/karte.php?x=-37&y=19
319139	-60	2	2	3022	spaghetto`s village	2222	spaghetto	0		9	9	0	9	0	40.5	https://ts81.travian.com/karte.php?x=-60&y=2
365650	-7	-56	2	2454	PartizaN`s village	1848	PartizaN	0		17	17	0	17	0	40.7	https://ts81.travian.com/karte.php?x=-7&y=-56
310338	-50	13	1	2004	/@/Attic	1299	Homestuck	0		121	121	0	121	0	40.8	https://ts81.travian.com/karte.php?x=-50&y=13
368046	-14	-59	1	3228	marek723`s village	2337	marek723	0		8	8	0	8	0	40.8	https://ts81.travian.com/karte.php?x=-14&y=-59
303952	-28	21	1	398	Qwor`s village	252	Qwor	0		17	17	0	17	0	41.0	https://ts81.travian.com/karte.php?x=-28&y=21
369639	-23	-61	1	6508	Thug_Soul`s village	2789	Thug_Soul	0		8	8	0	0	8	41.1	https://ts81.travian.com/karte.php?x=-23&y=-61
352851	10	-40	1	867	00	489	EDNAH	0		110	110	0	110	0	41.2	https://ts81.travian.com/karte.php?x=10&y=-40
348048	13	-34	2	532	01) Bob	318	xLucBob	0		81	81	0	81	0	41.4	https://ts81.travian.com/karte.php?x=13&y=-34
356853	7	-45	1	1329	james bond`s village	903	james bond	13	Noeps	35	35	0	35	0	41.4	https://ts81.travian.com/karte.php?x=7&y=-45
356053	8	-44	2	1287	ferruh2	861	Ferruh2	0		17	17	0	17	0	41.6	https://ts81.travian.com/karte.php?x=8&y=-44
359254	5	-48	2	1539	purpleflexin`s village	1066	purpleflexin	0		23	23	0	23	0	41.8	https://ts81.travian.com/karte.php?x=5&y=-48
368049	-11	-59	3	2999	vova`s village	2204	vova	0		10	10	0	10	0	41.8	https://ts81.travian.com/karte.php?x=-11&y=-59
362454	1	-52	2	2141	LA WEA	1439	Jutsu Thunder	0		31	31	0	31	0	41.9	https://ts81.travian.com/karte.php?x=1&y=-52
370439	-24	-62	1	6775	kobrietis000`s village	2868	kobrietis000	0		8	8	0	0	8	42.0	https://ts81.travian.com/karte.php?x=-24&y=-62
307937	-48	16	1	1903	srknrgn`s village	1310	srknrgn	0		13	13	0	13	0	42.2	https://ts81.travian.com/karte.php?x=-48&y=16
369646	-16	-61	1	5701	Golden`s village	2579	Golden	0		42	42	0	42	0	42.2	https://ts81.travian.com/karte.php?x=-16&y=-61
360855	4	-50	2	1842	Smrt	1279	Rumcajz	0		31	31	0	31	0	42.4	https://ts81.travian.com/karte.php?x=4&y=-50
368051	-9	-59	3	2975	pattaya`s village	2163	pattaya	0		8	8	0	8	0	42.5	https://ts81.travian.com/karte.php?x=-9&y=-59
310335	-53	13	2	2326	buiu`s village	1717	buiu	0		10	10	0	10	0	42.6	https://ts81.travian.com/karte.php?x=-53&y=13
315135	-59	7	2	2866	SES`s village	2102	SES	0		12	12	0	12	0	42.6	https://ts81.travian.com/karte.php?x=-59&y=7
370444	-19	-62	1	6469	Rienzi`s village	2771	Rienzi	0		15	15	0	0	15	42.6	https://ts81.travian.com/karte.php?x=-19&y=-62
312734	-57	10	2	2667	Jargûn	1996	Jörgeson	0		142	142	0	142	0	43.1	https://ts81.travian.com/karte.php?x=-57&y=10
302356	-22	23	3	142	xxx	139	Mind Control	0		55	55	0	55	0	43.2	https://ts81.travian.com/karte.php?x=-22&y=23
356055	10	-44	2	1279	QUOTA`s village	612	QUOTA	0		8	8	0	8	0	43.3	https://ts81.travian.com/karte.php?x=10&y=-44
320736	-65	0	1	6324	DigeTablooShode`s village	2714	DigeTablooShode	0		11	11	0	11	0	43.8	https://ts81.travian.com/karte.php?x=-65&y=0
362457	4	-52	2	2138	BEOGRAD	1475	Laneniml	0		100	100	0	100	0	43.9	https://ts81.travian.com/karte.php?x=4&y=-52
363257	3	-53	1	2215	City ONE	1540	Doberman	0		113	113	0	111	2	43.9	https://ts81.travian.com/karte.php?x=3&y=-53
314333	-60	8	1	3136	sto11`s village	2305	sto11	0		40	40	0	40	0	44.0	https://ts81.travian.com/karte.php?x=-60&y=8
349652	15	-36	2	719	TRIM	411	stex	0		83	83	0	83	0	44.0	https://ts81.travian.com/karte.php?x=15&y=-36
301548	-29	24	2	601	ajejej`s village	381	ajejej	0		16	16	0	16	0	44.1	https://ts81.travian.com/karte.php?x=-29&y=24
302342	-36	23	3	973	dmcsaba	406	dmcsaba77	0		11	11	0	11	0	44.1	https://ts81.travian.com/karte.php?x=-36&y=23
304736	-45	20	3	1516	peppermint	1034	peppermint	0		45	45	0	45	0	44.3	https://ts81.travian.com/karte.php?x=-45&y=20
321536	-66	-1	3	6807	00	2876	MZoM	0		31	31	0	0	31	44.3	https://ts81.travian.com/karte.php?x=-66&y=-1
302340	-38	23	2	1101	Dravenas`s village	731	Dravenas	0		8	8	0	8	0	44.6	https://ts81.travian.com/karte.php?x=-38&y=23
346450	17	-32	3	505	00	309	armandas405	0		64	64	0	64	0	44.6	https://ts81.travian.com/karte.php?x=17&y=-32
305534	-48	19	1	2079	VARROCK	1421	ULTIMA	0		174	174	0	174	0	44.8	https://ts81.travian.com/karte.php?x=-48&y=19
307932	-53	16	3	2343	baayzoren`s village	1749	baayzoren	0		13	13	0	13	0	45.0	https://ts81.travian.com/karte.php?x=-53&y=16
315132	-62	7	3	3361	0siri5`s village	2314	0siri5	0		13	13	0	13	0	45.0	https://ts81.travian.com/karte.php?x=-62&y=7
358458	10	-47	3	1529	laibach35`s village	1057	laibach35	0		48	48	0	48	0	45.0	https://ts81.travian.com/karte.php?x=10&y=-47
300754	-22	25	3	237	001	143	yoshiko	0		53	53	0	53	0	45.2	https://ts81.travian.com/karte.php?x=-22&y=25
315932	-63	6	1	5238	nelboy`s village	2528	nelboy	0		13	13	0	13	0	45.2	https://ts81.travian.com/karte.php?x=-63&y=6
357658	11	-46	2	1346	oppo`s village	918	oppo	0		32	32	0	32	0	45.2	https://ts81.travian.com/karte.php?x=11&y=-46
369655	-7	-61	2	3112	Shin`s village	2286	Shin	0		375	375	0	375	0	45.2	https://ts81.travian.com/karte.php?x=-7&y=-61
300745	-31	25	3	716	axy`s village	403	axy	0		15	15	0	15	0	45.3	https://ts81.travian.com/karte.php?x=-31&y=25
361659	7	-51	1	2001	00.Uruk	1389	BelongsHeaven	0		47	47	0	47	0	45.3	https://ts81.travian.com/karte.php?x=7&y=-51
301540	-37	24	1	1026	01 Kafana	659	cufta	0		20	20	0	20	0	45.4	https://ts81.travian.com/karte.php?x=-37&y=24
313531	-61	9	2	3339	lvl3_sett`s village	2421	lvl3_sett	0		14	14	0	14	0	45.5	https://ts81.travian.com/karte.php?x=-61&y=9
365659	2	-56	3	2504	abol`s village	1886	abol	0		38	38	0	38	0	45.6	https://ts81.travian.com/karte.php?x=2&y=-56
300758	-18	25	2	96	00	110	Katsivelos	0		34	34	0	34	0	45.7	https://ts81.travian.com/karte.php?x=-18&y=25
368058	-2	-59	3	2902	101	2132	Dxmn	0		14	14	0	14	0	45.8	https://ts81.travian.com/karte.php?x=-2&y=-59
299945	-30	26	1	748	3mra`s village	508	3mra	0		12	12	0	12	0	46.2	https://ts81.travian.com/karte.php?x=-30&y=26
299942	-33	26	1	892	Fury`s village	600	Fury	0		58	58	0	58	0	46.5	https://ts81.travian.com/karte.php?x=-33&y=26
301536	-41	24	1	1470	punk rocker`s village	988	punk rocker	0		10	10	0	10	0	46.5	https://ts81.travian.com/karte.php?x=-41&y=24
348854	18	-35	1	733	Mhmdkh`s village	483	Mhmdkh	0		24	24	0	24	0	46.5	https://ts81.travian.com/karte.php?x=18&y=-35
369658	-4	-61	3	3091	Starlight81	2161	Starlight81	0		27	27	0	24	3	46.5	https://ts81.travian.com/karte.php?x=-4&y=-61
358460	12	-47	2	1607	Minataur`s village	1141	Minataur	6	~IK~	407	407	0	405	2	46.6	https://ts81.travian.com/karte.php?x=12&y=-47
372055	-10	-64	1	6496	manhat`s village	2782	manhat	0		8	8	0	0	8	46.8	https://ts81.travian.com/karte.php?x=-10&y=-64
299958	-17	26	1	53	Moloko`s village	35	Moloko	0		100	100	0	100	0	46.9	https://ts81.travian.com/karte.php?x=-17&y=26
313529	-63	9	3	6102	Crimson`s village	626	Crimson	0		8	8	0	8	0	47.0	https://ts81.travian.com/karte.php?x=-63&y=9
314329	-64	8	3	5738	XNL073`s village	2602	XNL073	0		9	9	0	9	0	47.2	https://ts81.travian.com/karte.php?x=-64&y=8
308728	-58	15	2	2974	Zippik`s village	2199	Zippik	0		8	8	0	8	0	47.4	https://ts81.travian.com/karte.php?x=-58&y=15
315129	-65	7	1	6170	Simon983`s village	2667	Simon983	0		24	24	0	24	0	47.4	https://ts81.travian.com/karte.php?x=-65&y=7
354459	16	-42	3	1253	Useless`s village	828	Useless	0		13	13	0	13	0	47.4	https://ts81.travian.com/karte.php?x=16&y=-42
346453	20	-32	1	668	00 Vila valqueire	386	Morgado	0		248	248	0	243	5	47.5	https://ts81.travian.com/karte.php?x=20&y=-32
351257	18	-38	1	930	mard`s village	623	mard	0		13	13	0	13	0	47.5	https://ts81.travian.com/karte.php?x=18&y=-38
307128	-56	17	1	2876	Voo7`s village	2111	Voo7	0		12	12	0	12	0	47.6	https://ts81.travian.com/karte.php?x=-56&y=17
368861	0	-60	3	3114	sorbebe`s village	2290	sorbebe	0		35	35	0	35	0	47.7	https://ts81.travian.com/karte.php?x=0&y=-60
353659	17	-41	2	1159	error`s village	771	error	0		51	51	0	51	0	47.9	https://ts81.travian.com/karte.php?x=17&y=-41
372058	-7	-64	3	6238	litra`s village	2694	litra	0		76	76	0	55	21	47.9	https://ts81.travian.com/karte.php?x=-7&y=-64
359262	13	-48	3	1818	Twrch`s village	1252	Twrch	0		12	12	0	12	0	48.0	https://ts81.travian.com/karte.php?x=13&y=-48
368062	2	-59	3	2934	Charmander`s village	2144	Charmander	0		8	8	0	8	0	48.0	https://ts81.travian.com/karte.php?x=2&y=-59
309527	-60	14	1	3362	Im_TheSaint`s village	2416	Im_TheSaint	0		26	26	0	26	0	48.1	https://ts81.travian.com/karte.php?x=-60&y=14
298352	-21	28	1	413	Sumsel`s village	255	Sumsel	0		29	29	0	29	0	48.3	https://ts81.travian.com/karte.php?x=-21&y=28
312727	-64	10	3	6338	dottneto94`s village	2733	dottneto94	0		8	8	0	8	0	48.4	https://ts81.travian.com/karte.php?x=-64&y=10
298355	-18	28	1	225	Supersteel 01	172	Supersteelarmy	0		123	123	0	123	0	48.7	https://ts81.travian.com/karte.php?x=-18&y=28
299135	-39	27	1	1354	KingAslan`s village	917	KingAslan	0		12	12	0	12	0	48.8	https://ts81.travian.com/karte.php?x=-39&y=27
314327	-66	8	3	6570	Lucifer`s village	2805	Lucifer	0		13	13	0	0	13	48.8	https://ts81.travian.com/karte.php?x=-66&y=8
344052	22	-29	2	534	Buffiaris`s village	342	Buffiaris	0		28	28	0	28	0	48.8	https://ts81.travian.com/karte.php?x=22&y=-29
355261	17	-43	3	1327	Kadesh	891	Comandante	0		223	223	0	223	0	48.8	https://ts81.travian.com/karte.php?x=17&y=-43
315127	-67	7	2	6894	Deez`s village	2878	Deez	0		10	10	0	0	10	49.1	https://ts81.travian.com/karte.php?x=-67&y=7
303127	-52	22	3	2352	Abraam`s village	1773	Abraam	0		8	8	0	8	0	49.4	https://ts81.travian.com/karte.php?x=-52&y=22
351259	20	-38	2	1002	Anthracite`s village	674	Anthracite	0		45	45	0	45	0	49.4	https://ts81.travian.com/karte.php?x=20&y=-38
301528	-49	24	1	2341	DOMI`s village	1743	DOMI	0		13	13	0	13	0	49.6	https://ts81.travian.com/karte.php?x=-49&y=24
310325	-63	13	1	5739	Venom	2601	Venom1998	0		85	85	0	85	0	49.6	https://ts81.travian.com/karte.php?x=-63&y=13
299930	-45	26	3	2059	S.Kahyaoglu`s village	1399	S.Kahyaoglu	0		14	14	0	14	0	49.8	https://ts81.travian.com/karte.php?x=-45&y=26
312805	14	10	3	6682	NIKS 2	118	Niks	2	Gladius	29	102	-73	0	29	50.0	https://ts81.travian.com/karte.php?x=14&y=10
337646	24	-21	2	192	A	135	bruhmomento	0		28	28	0	28	0	50.0	https://ts81.travian.com/karte.php?x=24&y=-21
296740	-31	30	2	976	Dai	673	kerodayi	0		302	302	0	302	0	50.2	https://ts81.travian.com/karte.php?x=-31&y=30
348858	22	-35	1	848	vigoor`s village	528	vigoor	0		8	8	0	8	0	50.3	https://ts81.travian.com/karte.php?x=22&y=-35
297534	-38	29	1	1476	00-sx	985	Klopp	0		82	82	0	76	6	50.4	https://ts81.travian.com/karte.php?x=-38&y=29
297558	-14	29	3	117	hazar`s village	82	hazar	0		9	9	0	9	0	50.4	https://ts81.travian.com/karte.php?x=-14&y=29
359265	16	-48	1	1973	01	1379	malo_viski	0		10	10	0	10	0	50.5	https://ts81.travian.com/karte.php?x=16&y=-48
299928	-47	26	1	2230	lihel`s village	1570	lihel	0		12	12	0	12	0	50.6	https://ts81.travian.com/karte.php?x=-47&y=26
295942	-28	31	3	875	VORon`s village	581	VORon	0		8	8	0	8	0	51.0	https://ts81.travian.com/karte.php?x=-28&y=31
348058	23	-34	2	877	Tazar`s village	587	Tazar	0		8	8	0	8	0	51.0	https://ts81.travian.com/karte.php?x=23&y=-34
295948	-22	31	2	624	Z13`s village	369	Z13	0		8	8	0	8	0	51.2	https://ts81.travian.com/karte.php?x=-22&y=31
373664	-3	-66	2	6904	00	2894	XcXcD	0		27	27	0	0	27	51.4	https://ts81.travian.com/karte.php?x=-3&y=-66
298328	-45	28	2	2110	Veseli 1	1440	srki	0		83	83	0	83	0	51.6	https://ts81.travian.com/karte.php?x=-45&y=28
372066	1	-64	2	5819	zezo619`s village	2624	zezo619	0		10	10	0	10	0	51.6	https://ts81.travian.com/karte.php?x=1&y=-64
309522	-65	14	3	6464	will-tang-clan`s village	2764	will-tang-clan	0		9	9	0	9	0	51.7	https://ts81.travian.com/karte.php?x=-65&y=14
295146	-23	32	2	705	istanbul	453	cengizhan1453	0		18	18	0	18	0	52.1	https://ts81.travian.com/karte.php?x=-23&y=32
296760	-11	30	2	141	Black & White`s village	121	Black & White	0		10	10	0	10	0	52.2	https://ts81.travian.com/karte.php?x=-11&y=30
345657	25	-31	2	769	Turkoman`s village	524	Turkoman	0		8	8	0	8	0	52.2	https://ts81.travian.com/karte.php?x=25&y=-31
359267	18	-48	2	1956	dominikkiraly`s village	1371	dominikkiraly	0		12	12	0	12	0	52.2	https://ts81.travian.com/karte.php?x=18&y=-48
295137	-32	32	3	1189	kral43`s village	733	kral43	0		11	11	0	11	0	52.3	https://ts81.travian.com/karte.php?x=-32&y=32
341653	26	-26	2	589	Gronelandia	354	Alex10CA	0		279	279	0	279	0	52.3	https://ts81.travian.com/karte.php?x=26&y=-26
358467	19	-47	1	1898	bastrup`s village	1301	bastrup	0		10	10	0	10	0	52.5	https://ts81.travian.com/karte.php?x=19&y=-47
301522	-55	24	1	3019	village	2214	BowRing	0		18	18	0	18	0	52.7	https://ts81.travian.com/karte.php?x=-55&y=24
362469	16	-52	2	2314	Romano`s village	1698	Romano	0		10	10	0	10	0	52.8	https://ts81.travian.com/karte.php?x=16&y=-52
297566	-6	29	2	17	trimbaler`s village	3	trimbaler	0		280	280	0	280	0	52.9	https://ts81.travian.com/karte.php?x=-6&y=29
372868	2	-65	3	6536	N1	2796	Nostra	0		34	34	0	0	34	53.0	https://ts81.travian.com/karte.php?x=2&y=-65
294339	-29	33	1	993	Rollo Napalm`s village	682	Rollo Napalm	0		44	44	0	44	0	53.1	https://ts81.travian.com/karte.php?x=-29&y=33
296763	-8	30	2	88	foresight`s village	50	foresight	0		8	8	0	8	0	53.1	https://ts81.travian.com/karte.php?x=-8&y=30
368070	10	-59	3	3070	1	2264	Edranz	0		137	137	0	137	0	53.1	https://ts81.travian.com/karte.php?x=10&y=-59
298324	-49	28	1	2398	01	1812	Waliuxas_	0		147	147	0	147	0	53.2	https://ts81.travian.com/karte.php?x=-49&y=28
294349	-19	33	1	626	Neapole	388	Aomegane	0		18	18	0	18	0	53.5	https://ts81.travian.com/karte.php?x=-19&y=33
302320	-58	23	1	3356	Zoya`s village	2422	Zoya	0		8	8	0	8	0	53.6	https://ts81.travian.com/karte.php?x=-58&y=23
330440	27	-12	2	73	01 Todoroki	83	LeMillion	0		26	26	0	26	0	53.6	https://ts81.travian.com/karte.php?x=27&y=-12
304719	-62	20	3	6330	Ingrid`s village	2727	Ingrid	0		8	8	0	8	0	53.8	https://ts81.travian.com/karte.php?x=-62&y=20
307119	-65	17	1	6895	Secret`s village	2879	Secret	0		44	44	0	0	44	53.8	https://ts81.travian.com/karte.php?x=-65&y=17
344057	27	-29	3	838	Masaraj`s village	549	Masaraj	0		11	11	0	11	0	53.8	https://ts81.travian.com/karte.php?x=27&y=-29
365671	14	-56	1	2810	Hakunamatata`s village	2068	Hakunamatata	0		66	66	0	66	0	53.8	https://ts81.travian.com/karte.php?x=14&y=-56
293545	-22	34	3	789	W0LF`s village	475	W0LF	0		8	8	0	8	0	54.1	https://ts81.travian.com/karte.php?x=-22&y=34
295158	-11	32	2	307	Raskolnikov	192	Raskolnikov	0		35	35	0	35	0	54.1	https://ts81.travian.com/karte.php?x=-11&y=32
295926	-44	31	3	2225	7LM	1569	7LM	0		16	16	0	16	0	54.1	https://ts81.travian.com/karte.php?x=-44&y=31
296766	-5	30	2	21	J-Lord	8	J-Lord	0		83	83	0	83	0	54.2	https://ts81.travian.com/karte.php?x=-5&y=30
293547	-20	34	3	712	checho`s village 01	459	checho77	0		70	70	0	70	0	54.3	https://ts81.travian.com/karte.php?x=-20&y=34
341655	28	-26	3	695	1	435	ScorpionKh	0		34	34	0	34	0	54.3	https://ts81.travian.com/karte.php?x=28&y=-26
293549	-18	34	3	614	01 Romania	365	macris	0		140	140	0	133	7	54.6	https://ts81.travian.com/karte.php?x=-18&y=34
300719	-57	25	2	3242	Tea-leaf`s village	2351	Tea-leaf	0		10	10	0	10	0	54.6	https://ts81.travian.com/karte.php?x=-57&y=25
293532	-35	34	1	1510	01.Pultost	1035	Voosj	0		78	78	0	78	0	54.7	https://ts81.travian.com/karte.php?x=-35&y=34
302318	-60	23	3	6116	Ayukuri`s village	2643	Ayukuri	0		16	16	0	16	0	54.8	https://ts81.travian.com/karte.php?x=-60&y=23
295161	-8	32	3	213	Ablegøye`s village	161	Ablegøye	0		17	17	0	17	0	55.0	https://ts81.travian.com/karte.php?x=-8&y=32
297521	-51	29	3	2878	MeatyOats`s village	2110	MeatyOats	0		8	8	0	8	0	55.0	https://ts81.travian.com/karte.php?x=-51&y=29
332845	29	-15	2	252	Gold`s village	123	Gold	0		19	19	0	19	0	55.2	https://ts81.travian.com/karte.php?x=29&y=-15
366473	15	-57	1	2935	hamdija1994`s village	2147	hamdija1994	0		12	12	0	12	0	55.2	https://ts81.travian.com/karte.php?x=15&y=-57
367273	14	-58	3	3110	samadon`s village	2287	samadon	0		10	10	0	10	0	55.2	https://ts81.travian.com/karte.php?x=14&y=-58
372872	6	-65	2	6532	Honda	2623	Vfr	0		44	44	0	0	44	55.2	https://ts81.travian.com/karte.php?x=6&y=-65
300717	-59	25	2	5673	Kamikaze`s village	2569	Kamikaze	0		20	20	0	20	0	55.8	https://ts81.travian.com/karte.php?x=-59&y=25
292730	-36	35	2	1657	abcdgvhbjvbvbvv`s village	1178	abcdgvhbjvbvbvv	0		8	8	0	8	0	55.9	https://ts81.travian.com/karte.php?x=-36&y=35
356870	24	-45	1	1915	DrDrea`s village	1323	DrDrea	0		11	11	0	11	0	55.9	https://ts81.travian.com/karte.php?x=24&y=-45
368874	13	-60	3	3274	binemaja53`s village	2362	binemaja53	0		8	8	0	8	0	55.9	https://ts81.travian.com/karte.php?x=13&y=-60
293556	-11	34	1	488	Pixx`s village	294	Pixx	0		28	28	0	28	0	56.0	https://ts81.travian.com/karte.php?x=-11&y=34
340055	30	-24	3	686	lijohnli`s village	429	lijohnli	0		63	63	0	63	0	56.1	https://ts81.travian.com/karte.php?x=30&y=-24
371274	10	-63	3	6319	CatorcioRosso`s vill	2719	CatorcioRosso	0		17	17	0	17	0	56.1	https://ts81.travian.com/karte.php?x=10&y=-63
291934	-31	36	3	1472	01	989	Aurore Boréale	0		78	78	0	78	0	56.2	https://ts81.travian.com/karte.php?x=-31&y=36
364874	18	-55	1	2680	AtC`s village	2011	AtC	0		79	79	0	79	0	56.2	https://ts81.travian.com/karte.php?x=18&y=-55
292728	-38	35	3	2063	LordAres87`s village	923	LordAres87	0		8	8	0	8	0	56.3	https://ts81.travian.com/karte.php?x=-38&y=35
293525	-42	34	1	2227	iDevTJ`s village	1557	iDevTJ	0		10	10	0	10	0	56.3	https://ts81.travian.com/karte.php?x=-42&y=34
294323	-45	33	1	2420	hassan555`	1730	hassan555	0		18	18	0	18	0	56.3	https://ts81.travian.com/karte.php?x=-45&y=33
332045	30	-14	1	215	Cole`s village	148	Cole	0		13	13	0	13	0	56.3	https://ts81.travian.com/karte.php?x=30&y=-14
373674	7	-66	1	6934	LolyPoly`s village	2908	LolyPoly	0		40	40	0	0	40	56.6	https://ts81.travian.com/karte.php?x=7&y=-66
351267	28	-38	1	1369	bloodstriker`s village	649	bloodstriker	0		8	8	0	8	0	56.9	https://ts81.travian.com/karte.php?x=28&y=-38
336852	31	-20	1	592	edraoui99`s village	351	edraoui99	0		9	9	0	9	0	57.0	https://ts81.travian.com/karte.php?x=31&y=-20
353669	27	-41	3	1618	Dunder village	420	Dunder	0		14	14	0	14	0	57.0	https://ts81.travian.com/karte.php?x=27&y=-41
291950	-15	36	2	681	01	428	loonatic	0		34	34	0	34	0	57.1	https://ts81.travian.com/karte.php?x=-15&y=36
291143	-21	37	3	974	honda`s village	656	honda	0		11	11	0	11	0	57.2	https://ts81.travian.com/karte.php?x=-21&y=37
299915	-60	26	3	6392	Mitrax`s village	2745	Mitrax	0		14	14	0	10	4	57.2	https://ts81.travian.com/karte.php?x=-60&y=26
292756	-10	35	3	492	kacsoo`s village	299	kacsoo	0		12	12	0	12	0	57.3	https://ts81.travian.com/karte.php?x=-10&y=35
346463	30	-32	3	1165	aisnudfj`s village	774	aisnudfj	0		8	8	0	8	0	57.3	https://ts81.travian.com/karte.php?x=30&y=-32
349666	29	-36	3	1328	1	910	Ertugrul	0		17	17	0	17	0	57.3	https://ts81.travian.com/karte.php?x=29&y=-36
368876	15	-60	1	5135	1	2466	deus	0		42	42	0	42	0	57.3	https://ts81.travian.com/karte.php?x=15&y=-60
291146	-18	37	3	842	Wingz Of Ice`s village	530	Wingz Of Ice	0		12	12	0	12	0	57.6	https://ts81.travian.com/karte.php?x=-18&y=37
362475	22	-52	1	2520	Shane`s village	1905	Shane	0		8	8	0	8	0	57.7	https://ts81.travian.com/karte.php?x=22&y=-52
345663	31	-31	1	1135	mitnizell`s village	736	mitnizell	0		8	8	0	8	0	58.1	https://ts81.travian.com/karte.php?x=31&y=-31
371277	13	-63	2	6318	MisterMeister`s village	2724	MisterMeister	0		15	15	0	15	0	58.1	https://ts81.travian.com/karte.php?x=13&y=-63
352069	29	-39	2	1562	WreckingBalls`s village	1070	WreckingBalls	0		57	57	0	57	0	58.2	https://ts81.travian.com/karte.php?x=29&y=-39
342460	32	-27	2	955	FunnyBunny`s village	660	Slow J	0		28	28	0	28	0	58.4	https://ts81.travian.com/karte.php?x=32&y=-27
292760	-6	35	1	489	01	304	NikolaTesla	0		57	57	0	57	0	58.5	https://ts81.travian.com/karte.php?x=-6&y=35
298313	-60	28	1	6516	001	2790	dgeorge	0		58	58	0	0	58	58.8	https://ts81.travian.com/karte.php?x=-60&y=28
361676	24	-51	2	2529	depua`s village	1914	depua	0		13	13	0	13	0	58.8	https://ts81.travian.com/karte.php?x=24&y=-51
289536	-26	39	1	1350	Tizian`s village	925	Tizian	0		8	8	0	8	0	59.0	https://ts81.travian.com/karte.php?x=-26&y=39
291958	-7	36	1	512	PACCAGNELLIUM`s village	291	PACCAGNELLIUM	0		10	10	0	10	0	59.1	https://ts81.travian.com/karte.php?x=-7&y=36
339257	33	-23	1	836	ceasar`s village	560	ceasar	0		13	13	0	13	0	59.1	https://ts81.travian.com/karte.php?x=33&y=-23
363277	23	-53	3	2811	Dacia	2070	andyxx	0		46	46	0	46	0	59.1	https://ts81.travian.com/karte.php?x=23&y=-53
290349	-14	38	1	786	HQ	512	Harley Quinn	0		114	114	0	88	26	59.2	https://ts81.travian.com/karte.php?x=-14&y=38
354472	29	-42	3	1930	thina`s village	1168	thina	0		8	8	0	8	0	59.2	https://ts81.travian.com/karte.php?x=29&y=-42
326440	32	-7	2	257	Zut !!	169	Z-Max	0		30	30	0	30	0	59.4	https://ts81.travian.com/karte.php?x=32&y=-7
369679	17	-61	3	5724	666	2596	test666	0		12	12	0	12	0	59.4	https://ts81.travian.com/karte.php?x=17&y=-61
294369	1	33	2	144	DGO	111	jozo	0		56	56	0	56	0	59.5	https://ts81.travian.com/karte.php?x=1&y=33
323235	31	-3	2	130	as	74	lover	0		20	20	0	20	0	59.5	https://ts81.travian.com/karte.php?x=31&y=-3
372879	13	-65	2	6910	SAKA`s village	2900	SAKA	0		8	8	0	0	8	59.5	https://ts81.travian.com/karte.php?x=13&y=-65
348067	32	-34	3	1455	Bertone`s village	984	Bertone	0		23	23	0	23	0	59.7	https://ts81.travian.com/karte.php?x=32&y=-34
367279	20	-58	1	3287	vuducminh02`s village	2369	vuducminh02	0		13	13	0	13	0	59.7	https://ts81.travian.com/karte.php?x=20&y=-58
293567	0	34	2	303	BOW	199	Atlantica	0		32	32	0	32	0	59.9	https://ts81.travian.com/karte.php?x=0&y=34
296778	7	30	3	67	Unfair Game	75	Kapandji	0		165	165	0	165	0	59.9	https://ts81.travian.com/karte.php?x=7&y=30
338457	34	-22	1	770	loser`s village	521	loser	0		8	8	0	8	0	60.0	https://ts81.travian.com/karte.php?x=34&y=-22
360877	26	-50	1	2519	Marudny`s village	1904	Marudny	0		27	27	0	27	0	60.0	https://ts81.travian.com/karte.php?x=26&y=-50
291119	-45	37	1	2637	Jack Sorrow`s village	1981	Jack Sorrow	0		13	13	0	13	0	60.1	https://ts81.travian.com/karte.php?x=-45&y=37
352071	31	-39	3	1848	ELY`s village	1292	ELY	0		11	11	0	11	0	60.1	https://ts81.travian.com/karte.php?x=31&y=-39
288730	-31	40	1	1911	Ganymede	1316	PGE	48	WC	100	100	0	98	2	60.2	https://ts81.travian.com/karte.php?x=-31&y=40
362478	25	-52	1	2753	zlatan`	2052	zlatan	0		31	31	0	31	0	60.2	https://ts81.travian.com/karte.php?x=25&y=-52
332049	34	-14	2	581	Leonhart`s village	363	Leonhart	0		409	409	0	409	0	60.3	https://ts81.travian.com/karte.php?x=34&y=-14
347267	33	-33	3	1452	h2o	979	yves12082	0		61	61	0	61	0	60.4	https://ts81.travian.com/karte.php?x=33&y=-33
289522	-40	39	3	2422	Dag_21`s village	1827	Dag_21	0		8	8	0	8	0	60.6	https://ts81.travian.com/karte.php?x=-40&y=39
351271	32	-38	1	1674	Sasuke Uchiha`s village	1191	Sasuke Uchiha	0		35	35	0	35	0	60.7	https://ts81.travian.com/karte.php?x=32&y=-38
288725	-36	40	1	2184	Puckery`s village	1511	Puckery	0		71	71	0	71	0	60.8	https://ts81.travian.com/karte.php?x=-36&y=40
328845	34	-10	1	420	А1	259	Oogabooga	0		10	10	0	10	0	60.8	https://ts81.travian.com/karte.php?x=34&y=-10
372081	16	-64	1	6968	Solitario`s village	2912	Solitario	0		12	12	0	0	12	60.8	https://ts81.travian.com/karte.php?x=16&y=-64
340060	35	-24	3	897	Burp	567	HelloKimmie	0		11	11	0	11	0	61.1	https://ts81.travian.com/karte.php?x=35&y=-24
349670	33	-36	3	1584	GaulTest`s village	1124	GaulTest	0		19	19	0	19	0	61.1	https://ts81.travian.com/karte.php?x=33&y=-36
368081	21	-59	1	5736	@TRAVIANONELOVE	2600	TRAVIANONELOVE	0		32	32	0	23	9	61.1	https://ts81.travian.com/karte.php?x=21&y=-59
291914	-51	36	1	3215	tamermertgulec`s village	2326	tamermertgulec	0		22	22	0	22	0	61.3	https://ts81.travian.com/karte.php?x=-51&y=36
356876	30	-45	3	2291	A1	843	zdeno12	0		49	49	0	49	0	61.3	https://ts81.travian.com/karte.php?x=30&y=-45
361679	27	-51	3	2800	Idk why i play	2059	Gangstablook	0		43	43	0	43	0	61.4	https://ts81.travian.com/karte.php?x=27&y=-51
295176	7	32	3	250	000	180	fiasco	0		20	20	0	20	0	61.6	https://ts81.travian.com/karte.php?x=7&y=32
325641	34	-6	1	432	bakter`s village	253	bakter	0		14	14	0	14	0	61.6	https://ts81.travian.com/karte.php?x=34&y=-6
290316	-47	38	2	3026	Joncole`s village	2225	Joncole	0		44	44	0	44	0	61.7	https://ts81.travian.com/karte.php?x=-47&y=38
329647	35	-11	1	582	sandalci611`s village	357	sandalci611	0		15	15	0	15	0	61.7	https://ts81.travian.com/karte.php?x=35&y=-11
344065	35	-29	1	1265	barbar-t`s village	836	barbar-t	0		60	60	0	60	0	61.7	https://ts81.travian.com/karte.php?x=35&y=-29
356076	31	-44	3	2313	Marian7335`s village	1670	Marian7335	0		62	62	0	62	0	61.8	https://ts81.travian.com/karte.php?x=31&y=-44
295979	9	31	3	104	Neformatas`s village	59	Neformatas	0		82	82	0	82	0	61.9	https://ts81.travian.com/karte.php?x=9&y=31
364881	25	-55	3	3049	server a	2250	servera	0		77	77	0	65	12	61.9	https://ts81.travian.com/karte.php?x=25&y=-55
287131	-28	42	1	1643	0	1166	kim	0		50	50	0	50	0	62.0	https://ts81.travian.com/karte.php?x=-28&y=42
289555	-7	39	3	790	Sahara`s village	486	Sahara	0		17	17	0	17	0	62.0	https://ts81.travian.com/karte.php?x=-7&y=39
337658	36	-21	1	963	bozhkata98`s village	522	bozhkata98	0		16	16	0	16	0	62.0	https://ts81.travian.com/karte.php?x=36&y=-21
345667	35	-31	1	1464	tom`s village	983	tom	0		13	13	0	13	0	62.0	https://ts81.travian.com/karte.php?x=35&y=-31
339260	36	-23	2	1041	01	713	Plisani medo	0		19	19	0	19	0	62.1	https://ts81.travian.com/karte.php?x=36&y=-23
291912	-53	36	1	5664	teemo`s village	2564	teemo	0		48	48	0	48	0	62.2	https://ts81.travian.com/karte.php?x=-53&y=36
371283	19	-63	3	6964	LightMew`s village	2476	LightMew	0		16	16	0	0	16	62.2	https://ts81.travian.com/karte.php?x=19&y=-63
341663	36	-26	2	1151	Ancapistan	754	Taxationistheft	0		36	36	0	36	0	62.3	https://ts81.travian.com/karte.php?x=36&y=-26
343265	36	-28	3	1339	Flyboy1	831	Flyboy1	0		35	35	0	35	0	62.5	https://ts81.travian.com/karte.php?x=36&y=-28
368083	23	-59	3	5725	arda`s village	2594	arda	0		16	16	0	16	0	62.6	https://ts81.travian.com/karte.php?x=23&y=-59
287123	-36	42	1	2335	Vraac`s village	1732	Vraac	0		8	8	0	8	0	62.8	https://ts81.travian.com/karte.php?x=-36&y=42
288716	-45	40	3	2958	Igor`s village	2176	Igor	0		16	16	0	16	0	62.9	https://ts81.travian.com/karte.php?x=-45&y=40
350473	35	-37	1	1994	Xx_ANON_xX`s village	1381	Xx_ANON_xX	0		10	10	0	10	0	63.3	https://ts81.travian.com/karte.php?x=35&y=-37
291909	-56	36	2	7002	savvas97`s village	2918	savvas97	0		8	8	0	0	8	63.5	https://ts81.travian.com/karte.php?x=-56&y=36
289560	-2	39	3	713	Dark`s village	201	Dark	0		48	48	0	48	0	63.7	https://ts81.travian.com/karte.php?x=-2&y=39
371285	21	-63	2	6938	Hansa	2907	sputnik	0		12	12	0	0	12	63.7	https://ts81.travian.com/karte.php?x=21&y=-63
328848	37	-10	2	688	test12`s village	402	test12	0		8	8	0	8	0	63.8	https://ts81.travian.com/karte.php?x=37&y=-10
348872	36	-35	2	1752	Hellmore`s village	1228	Hellmore	0		13	13	0	13	0	63.8	https://ts81.travian.com/karte.php?x=36&y=-35
363283	29	-53	3	3120	dex`s	2294	dex	0		65	65	0	42	23	64.1	https://ts81.travian.com/karte.php?x=29&y=-53
320836	35	0	3	322	Fart Krispies	54	Big Caesar	24	F.A.R.T.	300	300	0	277	23	64.2	https://ts81.travian.com/karte.php?x=35&y=0
340864	38	-25	2	1266	dfordeath11`s village	826	dfordeath11	0		8	8	0	8	0	64.2	https://ts81.travian.com/karte.php?x=38&y=-25
293576	9	34	1	325	Kamoreno`s village	88	Kamoreno	0		12	12	0	12	0	64.4	https://ts81.travian.com/karte.php?x=9&y=34
285523	-34	44	2	2424	geoff123`s village	1831	geoff123	0		14	14	0	14	0	64.5	https://ts81.travian.com/karte.php?x=-34&y=44
311219	30	12	2	101	swentas`s village	13	swentas	0		87	87	0	87	0	64.5	https://ts81.travian.com/karte.php?x=30&y=12
287115	-44	42	3	3173	demelly`s village	2311	demelly	0		11	11	0	11	0	64.6	https://ts81.travian.com/karte.php?x=-44&y=42
287152	-7	42	3	912	Hockerty`s village	438	Hockerty	0		19	19	0	19	0	64.8	https://ts81.travian.com/karte.php?x=-7&y=42
354478	35	-42	2	2342	mac and cheese`s village	1750	mac and cheese	0		10	10	0	10	0	64.8	https://ts81.travian.com/karte.php?x=35&y=-42
291169	5	37	2	495	Zilvinas13`s village	293	Zilvinas13	0		8	8	0	8	0	64.9	https://ts81.travian.com/karte.php?x=5&y=37
298391	18	28	2	246	admiral`s village	183	admiral	0		11	11	0	11	0	65.1	https://ts81.travian.com/karte.php?x=18&y=28
334457	39	-17	1	1038	ekici	716	ekici	0		45	45	0	45	0	65.1	https://ts81.travian.com/karte.php?x=39&y=-17
364885	29	-55	3	5226	echelsmoel`s village	2523	echelsmoel	0		9	9	0	9	0	65.2	https://ts81.travian.com/karte.php?x=29&y=-55
325645	38	-6	2	689	Lacix`s village	433	Lacix	0		8	8	0	8	0	65.5	https://ts81.travian.com/karte.php?x=38&y=-6
287910	-50	41	1	6325	terranova`s village	2729	terranova	0		36	36	0	26	10	65.6	https://ts81.travian.com/karte.php?x=-50&y=41
287958	-2	41	2	853	gougouland	553	Akar	0		129	129	0	123	6	65.6	https://ts81.travian.com/karte.php?x=-2&y=41
360083	33	-49	3	2864	Medicina Interna	2100	Doctore	0		26	26	0	26	0	65.7	https://ts81.travian.com/karte.php?x=33&y=-49
287111	-48	42	3	5823	Syrio`s village	2618	Syrio	0		8	8	0	8	0	65.8	https://ts81.travian.com/karte.php?x=-48&y=42
288762	1	40	2	807	BOAS 01	537	Boasie	0		118	118	0	118	0	65.8	https://ts81.travian.com/karte.php?x=1&y=40
294381	13	33	2	328	01	219	GuessWho?	0		116	116	0	116	0	65.8	https://ts81.travian.com/karte.php?x=13&y=33
328049	39	-9	2	840	Dolphin 00	417	Dolphin	0		59	59	0	59	0	65.9	https://ts81.travian.com/karte.php?x=39&y=-9
363285	31	-53	1	3305	rali`s village	2384	rali	0		14	14	0	14	0	65.9	https://ts81.travian.com/karte.php?x=31&y=-53
306411	28	18	1	195	pi1993`s village	154	pi1993	0		20	20	0	20	0	66.0	https://ts81.travian.com/karte.php?x=28&y=18
283933	-22	46	1	1669	vahid_Faaz	1183	SIr Meriln	0		58	58	0	58	0	66.1	https://ts81.travian.com/karte.php?x=-22&y=46
284742	-14	45	3	1365	BosOtsos	938	BosOtsos	0		30	30	0	30	0	66.1	https://ts81.travian.com/karte.php?x=-14&y=45
289566	4	39	3	730	village	482	JLoite	0		46	46	0	46	0	66.2	https://ts81.travian.com/karte.php?x=4&y=39
290369	6	38	1	641	Shahroud	390	dejavu	0		185	185	0	185	0	66.2	https://ts81.travian.com/karte.php?x=6&y=38
287908	-52	41	1	6553	baghal`s village	2457	baghal	0		10	10	0	0	10	66.3	https://ts81.travian.com/karte.php?x=-52&y=41
332055	40	-14	2	893	00 BGD	596	serbia	4	123	101	101	0	100	1	66.3	https://ts81.travian.com/karte.php?x=40&y=-14
353679	37	-41	1	2410	totof49`s village	1821	totof49	0		10	10	0	10	0	66.4	https://ts81.travian.com/karte.php?x=37&y=-41
283921	-34	46	3	2536	Rudolf Maister`s village	1916	Rudolf Maister	0		12	12	0	12	0	66.5	https://ts81.travian.com/karte.php?x=-34&y=46
299997	22	26	3	278	INCREDIBLES`s village	167	INCREDIBLES	0		10	10	0	10	0	66.5	https://ts81.travian.com/karte.php?x=22&y=26
302403	25	23	1	261	ildi`s village	181	ildi	0		65	65	0	65	0	66.7	https://ts81.travian.com/karte.php?x=25&y=23
328851	40	-10	1	849	why not`s village	572	why not	0		20	20	0	20	0	66.8	https://ts81.travian.com/karte.php?x=40&y=-10
284714	-42	45	1	3314	mog`s village	2391	mog	0		11	11	0	11	0	66.9	https://ts81.travian.com/karte.php?x=-42&y=45
283126	-28	47	1	2327	asd123`s village	1718	asd123	0		43	43	0	43	0	67.0	https://ts81.travian.com/karte.php?x=-28&y=47
336061	41	-19	3	1197	schadyk`s village	796	schadyk	0		55	55	0	55	0	67.0	https://ts81.travian.com/karte.php?x=41&y=-19
338464	41	-22	1	1356	Keukenkast`s village	929	Keukenkast	0		13	13	0	13	0	67.0	https://ts81.travian.com/karte.php?x=41&y=-22
327249	40	-8	2	878	F00	566	Lonelytiger	0		66	66	0	65	1	67.1	https://ts81.travian.com/karte.php?x=40&y=-8
283942	-13	46	1	1488	fluke`s village	1013	fluke	0		108	108	0	108	0	67.3	https://ts81.travian.com/karte.php?x=-13&y=46
342469	41	-27	1	1620	*	1160	keri	0		72	72	0	72	0	67.4	https://ts81.travian.com/karte.php?x=41&y=-27
368089	29	-59	2	6979	Killer99`s village	2914	Killer99	0		8	8	0	0	8	67.4	https://ts81.travian.com/karte.php?x=29&y=-59
283138	-16	47	1	1642	KTY`s village	1173	KTY	0		207	207	0	192	15	67.7	https://ts81.travian.com/karte.php?x=-16&y=47
290372	9	38	3	715	AJW 97`s village	461	AJW 97	0		63	63	0	63	0	67.7	https://ts81.travian.com/karte.php?x=9&y=38
321641	39	-1	1	711	Flufftail`s village	444	Flufftail	0		11	11	0	11	0	67.7	https://ts81.travian.com/karte.php?x=39&y=-1
354481	38	-42	1	2620	unreal35`s village	1965	unreal35	0		18	18	0	18	0	67.7	https://ts81.travian.com/karte.php?x=38&y=-42
364888	32	-55	3	6301	General Acey`s village	2716	General Acey	0		12	12	0	12	0	67.7	https://ts81.travian.com/karte.php?x=32&y=-55
298395	22	28	3	339	gabi`s village	221	gabi	0		43	43	0	43	0	67.9	https://ts81.travian.com/karte.php?x=22&y=28
328051	41	-9	3	958	ARKONA	657	Rolo	0		89	89	0	79	10	67.9	https://ts81.travian.com/karte.php?x=41&y=-9
284710	-46	45	1	5744	Nero`s village	2605	Nero	0		13	13	0	13	0	68.0	https://ts81.travian.com/karte.php?x=-46&y=45
287964	4	41	3	808	Spirit`s village	538	Spirit	0		100	100	0	100	0	68.0	https://ts81.travian.com/karte.php?x=4&y=41
335261	42	-18	3	1334	анус	911	vasia	0		18	18	0	18	0	68.0	https://ts81.travian.com/karte.php?x=42&y=-18
362487	34	-52	2	5182	Bauernhof	2495	SuRo	0		28	28	0	28	0	68.0	https://ts81.travian.com/karte.php?x=34&y=-52
309620	33	14	3	382	Donkerzs`s village	257	Donkerzs	0		42	42	0	42	0	68.1	https://ts81.travian.com/karte.php?x=33&y=14
346474	41	-32	3	2130	Treyci`s village	1469	Treyci	0		17	17	0	17	0	68.1	https://ts81.travian.com/karte.php?x=41&y=-32
291176	12	37	3	704	Sparta	404	Sparta	0		15	15	0	15	0	68.5	https://ts81.travian.com/karte.php?x=12&y=37
304009	29	21	1	368	USA	207	BIDEN	0		115	115	0	115	0	68.6	https://ts81.travian.com/karte.php?x=29&y=21
283113	-41	47	3	3316	Harshita`s village	2392	Harshita	0		8	8	0	8	0	68.7	https://ts81.travian.com/karte.php?x=-41&y=47
324046	41	-4	2	879	Noite Violenta`s village	588	Noite Violenta	0		12	12	0	12	0	68.9	https://ts81.travian.com/karte.php?x=41&y=-4
355283	39	-43	1	2816	00	2073	41mathis41	0		95	95	0	88	7	68.9	https://ts81.travian.com/karte.php?x=39&y=-43
340068	43	-24	1	1571	01.	1107	Zborekk	0		130	130	0	130	0	69.1	https://ts81.travian.com/karte.php?x=43&y=-24
298397	24	28	2	497	01.	306	trailerparkkids	0		106	106	0	106	0	69.3	https://ts81.travian.com/karte.php?x=24&y=28
312026	36	11	3	587	C	375	Cvbnm	0		122	122	0	122	0	69.3	https://ts81.travian.com/karte.php?x=36&y=11
341670	43	-26	3	1806	APPLE	1271	enotix	0		80	80	0	80	0	69.3	https://ts81.travian.com/karte.php?x=43&y=-26
353682	40	-41	1	2626	Lockdown`s village	1970	Lockdown	0		10	10	0	10	0	69.3	https://ts81.travian.com/karte.php?x=40&y=-41
300001	26	26	1	473	F0dac	279	aipaipara	0		13	13	0	13	0	69.4	https://ts81.travian.com/karte.php?x=26&y=26
348077	42	-34	2	2293	Tamam1988`s village	1667	Tamam1988	0		8	8	0	8	0	69.4	https://ts81.travian.com/karte.php?x=42&y=-34
285558	1	44	3	1037	hug and scream`s village	705	hug and scream	0		16	16	0	16	0	69.5	https://ts81.travian.com/karte.php?x=1&y=44
288770	9	40	3	818	.RA.`s village	470	.RA.	0		15	15	0	15	0	69.5	https://ts81.travian.com/karte.php?x=9&y=40
283951	-4	46	1	1295	Otop`s village	870	Otop	0		97	97	0	97	0	69.6	https://ts81.travian.com/karte.php?x=-4&y=46
284755	-1	45	1	1181	Tavernello`s village	787	Tavernello	0		25	25	0	25	0	69.6	https://ts81.travian.com/karte.php?x=-1&y=45
366491	33	-57	1	6702	kiim`s village	2828	kiim	0		8	8	0	0	8	69.6	https://ts81.travian.com/karte.php?x=33&y=-57
281537	-15	49	1	1913	StalkerTP`s village	1315	StalkerTP	0		16	16	0	16	0	69.9	https://ts81.travian.com/karte.php?x=-15&y=49
282343	-10	48	1	1556	kingcompany`s village	1083	kingcompany	0		24	24	0	24	0	69.9	https://ts81.travian.com/karte.php?x=-10&y=48
283906	-49	46	1	7007	quasi`s village	2919	quasi	0		8	8	0	0	8	69.9	https://ts81.travian.com/karte.php?x=-49&y=46
280725	-26	50	2	2429	hayabusa`s village	1832	hayabusa	0		18	18	0	18	0	70.0	https://ts81.travian.com/karte.php?x=-26&y=50
303209	30	22	3	477	The Hunger	290	Conman3114	24	F.A.R.T.	122	122	0	116	6	70.0	https://ts81.travian.com/karte.php?x=30&y=22
338467	44	-22	1	1575	Másler`s village	1112	Másler	0		33	33	0	33	0	70.0	https://ts81.travian.com/karte.php?x=44&y=-22
280728	-23	50	1	2339	oko	1745	oko	0		49	49	0	49	0	70.1	https://ts81.travian.com/karte.php?x=-23&y=50
280720	-31	50	1	2833	masta`s village	2083	masta	0		23	23	0	23	0	70.2	https://ts81.travian.com/karte.php?x=-31&y=50
283149	-5	47	3	1372	Camelot	940	Arthur	0		34	34	0	34	0	70.2	https://ts81.travian.com/karte.php?x=-5&y=47
343273	44	-28	1	2120	Killer`s village	1448	Killer	0		11	11	0	11	0	70.5	https://ts81.travian.com/karte.php?x=44&y=-28
281511	-41	49	1	5734	Blancherives	2348	labriasoontir	0		38	38	0	38	0	70.6	https://ts81.travian.com/karte.php?x=-41&y=49
285561	4	44	3	1005	Pochetnik`s village	651	Pochetnik	0		14	14	0	14	0	70.7	https://ts81.travian.com/karte.php?x=4&y=44
286364	6	43	2	972	rvrwow`s village	619	rvrwow	0		9	9	0	9	0	70.7	https://ts81.travian.com/karte.php?x=6&y=43
296795	24	30	2	635	01_Tropicanal	389	IlCastoDivo	0		106	106	0	106	0	70.7	https://ts81.travian.com/karte.php?x=24&y=30
362490	37	-52	1	6204	00	2680	Saki88	0		12	12	0	12	0	70.7	https://ts81.travian.com/karte.php?x=37&y=-52
291180	16	37	3	742	Anakin`s village	446	Anakin	14	Gx	29	29	0	29	0	70.8	https://ts81.travian.com/karte.php?x=16&y=37
295191	22	32	2	720	hiejgo`s village	465	hiejgo	0		38	38	0	38	0	70.8	https://ts81.travian.com/karte.php?x=22&y=32
328054	44	-9	2	1267	dontgetmewrong`s village	834	dontgetmewrong	0		8	8	0	8	0	70.9	https://ts81.travian.com/karte.php?x=44&y=-9
280713	-38	50	3	5290	Edmund`s village	2541	Edmund	0		16	16	0	16	0	71.0	https://ts81.travian.com/karte.php?x=-38&y=50
306417	34	18	3	552	Asterix`s village	337	Asterix	0		12	12	0	12	0	71.0	https://ts81.travian.com/karte.php?x=34&y=18
336065	45	-19	2	5674	02fran	196	kasinato	0		201	201	0	194	7	71.0	https://ts81.travian.com/karte.php?x=45&y=-19
342473	45	-27	3	2117	village01	1451	molesa	0		16	16	0	16	0	71.3	https://ts81.travian.com/karte.php?x=45&y=-27
297598	26	29	1	690	TTKH	395	ttkh	0		19	19	0	19	0	71.4	https://ts81.travian.com/karte.php?x=26&y=29
319241	42	2	2	920	Razak	605	Slavemaster	0		112	112	0	112	0	71.5	https://ts81.travian.com/karte.php?x=42&y=2
360890	39	-50	3	5722	Howtoplay	2584	Noobie	0		15	15	0	15	0	71.6	https://ts81.travian.com/karte.php?x=39&y=-50
300806	30	25	1	718	Karate_Kid`s village	464	Karate_Kid	0		10	10	0	10	0	71.8	https://ts81.travian.com/karte.php?x=30&y=25
283154	0	47	1	1381	Maggas`s village	937	Maggas	0		23	23	0	23	0	71.9	https://ts81.travian.com/karte.php?x=0&y=47
357688	41	-46	2	5225	israeldalcin`s village	2493	israeldalcin	0		10	10	0	10	0	71.9	https://ts81.travian.com/karte.php?x=41&y=-46
279123	-26	52	3	2641	Shkutik`s village	1988	Shkutik	0		8	8	0	8	0	72.0	https://ts81.travian.com/karte.php?x=-26&y=52
279119	-30	52	2	2993	Rocker`s village	2200	Rocker	0		10	10	0	10	0	72.1	https://ts81.travian.com/karte.php?x=-30&y=52
356087	42	-44	1	3289	spartea1`	2367	spartea1	0		25	25	0	25	0	72.1	https://ts81.travian.com/karte.php?x=42&y=-44
290380	17	38	1	890	Andy Cola	597	Andy Cola	0		24	24	0	24	0	72.2	https://ts81.travian.com/karte.php?x=17&y=38
302410	32	23	2	732	Fabiobruno`s village	484	Fabiobruno	0		14	14	0	14	0	72.2	https://ts81.travian.com/karte.php?x=32&y=23
281548	-4	49	3	1581	vuurvliegje`s village	1122	vuurvliegje	0		45	45	0	45	0	72.4	https://ts81.travian.com/karte.php?x=-4&y=49
362492	39	-52	2	6442	Ziakom	2758	kennzey	0		47	47	0	19	28	72.4	https://ts81.travian.com/karte.php?x=39&y=-52
280744	-7	50	2	1646	rami	1175	rami	0		13	13	0	13	0	72.5	https://ts81.travian.com/karte.php?x=-7&y=50
283959	4	46	2	1240	Hsad	639	We Are Broken	0		36	36	0	36	0	72.5	https://ts81.travian.com/karte.php?x=4&y=46
316037	42	6	3	924	ddd`s village	629	ddd	0		139	139	0	136	3	72.8	https://ts81.travian.com/karte.php?x=42&y=6
324050	45	-4	2	1258	Kral Benim`s village	824	Kral Benim	0		20	20	0	20	0	72.8	https://ts81.travian.com/karte.php?x=45&y=-4
304816	35	20	3	737	Pound Town	439	ploppy	0		34	34	0	34	0	72.9	https://ts81.travian.com/karte.php?x=35&y=20
298402	29	28	2	743	Rebound`s village	445	Rebound	14	Gx	166	166	0	166	0	73.0	https://ts81.travian.com/karte.php?x=29&y=28
335266	47	-18	1	1815	dumpsterfire`s village	1273	dumpsterfire	0		17	17	0	17	0	73.0	https://ts81.travian.com/karte.php?x=47&y=-18
278319	-29	53	2	3016	yamen`s village	2162	yamen	0		11	11	0	11	0	73.1	https://ts81.travian.com/karte.php?x=-29&y=53
278317	-31	53	3	3182	EnreQe`s village	2300	EnreQe	0		12	12	0	12	0	73.2	https://ts81.travian.com/karte.php?x=-31&y=53
322448	45	-2	3	1257	Feinste`s village	825	Feinste	0		12	12	0	12	0	73.2	https://ts81.travian.com/karte.php?x=45&y=-2
358490	42	-47	3	5726	Delta Red	2489	Delta	0		51	51	0	51	0	73.2	https://ts81.travian.com/karte.php?x=42&y=-47
290382	19	38	1	846	LightningPT`s village	474	LightningPT	0		12	12	0	12	0	73.4	https://ts81.travian.com/karte.php?x=19&y=38
319243	44	2	1	1075	raptibaby`s village	728	raptibaby	0		8	8	0	8	0	73.4	https://ts81.travian.com/karte.php?x=44&y=2
330460	47	-12	3	1621	Elbeza66`s village	1093	Elbeza66	0		23	23	0	23	0	73.4	https://ts81.travian.com/karte.php?x=47&y=-12
343276	47	-28	1	2408	Mone`s village	1703	Mone	0		13	13	0	13	0	73.4	https://ts81.travian.com/karte.php?x=47&y=-28
360892	41	-50	2	6461	Bruttus`s village	2762	Bruttus	0		10	10	0	10	0	73.4	https://ts81.travian.com/karte.php?x=41&y=-50
287975	15	41	1	1128	Malus`s village	739	Malus	0		65	65	0	65	0	73.5	https://ts81.travian.com/karte.php?x=15&y=41
348882	46	-35	1	2639	Aymericoo619`s village	1971	Aymericoo619	0		18	18	0	18	0	73.5	https://ts81.travian.com/karte.php?x=46&y=-35
306420	37	18	1	809	AKKA	495	TMAR	0		93	93	0	93	0	73.6	https://ts81.travian.com/karte.php?x=37&y=18
278332	-16	53	1	2337	CoViD 31	1736	NaWaK	0		31	31	0	31	0	73.7	https://ts81.travian.com/karte.php?x=-16&y=53
308825	39	15	1	925	.	620	SLM	0		209	209	0	173	36	73.8	https://ts81.travian.com/karte.php?x=39&y=15
345679	47	-31	3	2533	El Guapo`s village	1919	El Guapo	0		46	46	0	46	0	73.8	https://ts81.travian.com/karte.php?x=47&y=-31
285568	11	44	3	1212	Castor`s village	806	Castor	0		32	32	0	32	0	73.9	https://ts81.travian.com/karte.php?x=11&y=44
356089	44	-44	2	5209	01	2506	MR NOOB	0		12	12	0	12	0	74.0	https://ts81.travian.com/karte.php?x=44&y=-44
283160	6	47	2	1380	Acetilsalicilic	692	Bal-Aur	0		21	21	0	21	0	74.2	https://ts81.travian.com/karte.php?x=6&y=47
354488	45	-42	2	5236	LeMalien`s village	2526	LeMalien	0		8	8	0	8	0	74.3	https://ts81.travian.com/karte.php?x=45&y=-42
277513	-34	54	2	5997	Abeem`s village	2638	Abeem	0		13	13	0	13	0	74.4	https://ts81.travian.com/karte.php?x=-34&y=54
279142	-7	52	1	2003	killer--cz`s village	1393	killer--cz	0		12	12	0	12	0	74.5	https://ts81.travian.com/karte.php?x=-7&y=52
344078	48	-29	3	2510	sexybeast`s village	1901	sexybeast	0		12	12	0	12	0	74.5	https://ts81.travian.com/karte.php?x=48&y=-29
278338	-10	53	3	2229	Queen Anne`s village	1563	Queen Anne	0		16	16	0	16	0	74.7	https://ts81.travian.com/karte.php?x=-10&y=53
324052	47	-4	2	1454	Stormy`s village	968	Stormy	0		8	8	0	8	0	74.7	https://ts81.travian.com/karte.php?x=47&y=-4
276719	-27	55	2	3189	Bata`s village	2320	Bata	0		8	8	0	8	0	75.0	https://ts81.travian.com/karte.php?x=-27&y=55
358492	44	-47	3	6306	KOR	2717	kor	0		45	45	0	45	0	75.0	https://ts81.travian.com/karte.php?x=44&y=-47
276726	-20	55	3	2840	sero99`s village	2091	sero99	0		15	15	0	15	0	75.2	https://ts81.travian.com/karte.php?x=-20&y=55
360894	43	-50	1	6707	Luufu`s village	2834	Luufu	0		8	8	0	0	8	75.2	https://ts81.travian.com/karte.php?x=43&y=-50
331263	49	-13	2	1995	alexpoiss123`s village	1387	alexpoiss123	0		16	16	0	16	0	75.3	https://ts81.travian.com/karte.php?x=49&y=-13
304819	38	20	2	926	Zz	632	Yoyo	0		59	59	0	59	0	75.5	https://ts81.travian.com/karte.php?x=38&y=20
329661	49	-11	1	1774	#01. Speed	1263	AmpheT	0		130	130	0	124	6	75.5	https://ts81.travian.com/karte.php?x=49&y=-11
357692	45	-46	2	6288	fluid`s village	2711	fluid	0		28	28	0	28	0	75.6	https://ts81.travian.com/karte.php?x=45&y=-46
276710	-36	55	3	6501	moon star`s village	2784	moon star	0		11	11	0	0	11	75.7	https://ts81.travian.com/karte.php?x=-36&y=55
345681	49	-31	3	2804	01~Hauptquartier	2066	MagicSven	0		112	112	0	112	0	75.8	https://ts81.travian.com/karte.php?x=49&y=-31
360094	44	-49	1	6704	Elipe`s village	2829	Elipe	0		8	8	0	0	8	75.8	https://ts81.travian.com/karte.php?x=44&y=-49
275919	-26	56	3	3280	smeden`s village	2366	smeden	0		11	11	0	11	0	76.0	https://ts81.travian.com/karte.php?x=-26&y=56
336871	50	-20	2	2312	XX	1693	yahuuda	0		80	80	0	80	0	76.0	https://ts81.travian.com/karte.php?x=50&y=-20
275922	-23	56	1	3101	هياا بسس	2285	injm	0		31	31	0	31	0	76.1	https://ts81.travian.com/karte.php?x=-23&y=56
275912	-33	56	3	6337	Vercingetorix`s village	2732	Vercingetorix	0		10	10	0	10	0	76.3	https://ts81.travian.com/karte.php?x=-33&y=56
287980	20	41	2	1283	TulkinS`s	840	TulkinS	0		69	69	0	69	0	76.4	https://ts81.travian.com/karte.php?x=20&y=41
275910	-35	56	2	6571	just_trying`s village	2804	just_trying	0		12	12	0	0	12	76.5	https://ts81.travian.com/karte.php?x=-35&y=56
309630	43	14	2	1196	Skywalker	624	Skywalker	0		67	67	0	67	0	76.9	https://ts81.travian.com/karte.php?x=43&y=14
350487	49	-37	3	3302	Azizi`s village	2378	Azizi	0		13	13	0	13	0	76.9	https://ts81.travian.com/karte.php?x=49&y=-37
275115	-29	57	3	5803	hesk`s village	2611	hesk	0		13	13	0	13	0	77.1	https://ts81.travian.com/karte.php?x=-29&y=57
285574	17	44	1	1400	Santa Clarita	949	ozzyken	0		32	32	0	32	0	77.1	https://ts81.travian.com/karte.php?x=17&y=44
312836	45	10	1	1261	Alexo`s village	827	Alexo	0		40	40	0	40	0	77.1	https://ts81.travian.com/karte.php?x=45&y=10
339275	51	-23	1	2509	james`s village	1900	james	0		8	8	0	8	0	77.1	https://ts81.travian.com/karte.php?x=51&y=-23
275124	-20	57	2	3009	[01]	2212	Frotaz	0		16	16	0	16	0	77.2	https://ts81.travian.com/karte.php?x=-20&y=57
325657	50	-6	3	1781	Dadox`s village	1266	Dadox	0		8	8	0	8	0	77.3	https://ts81.travian.com/karte.php?x=50&y=-6
310432	44	13	3	1231	Harry Kane	631	Harry Kane	0		9	9	0	9	0	77.4	https://ts81.travian.com/karte.php?x=44&y=13
320850	49	0	3	1524	01	1046	Mark	0		102	102	0	102	0	77.6	https://ts81.travian.com/karte.php?x=49&y=0
344882	51	-30	3	2950	spox`s village	2114	spox	0		369	369	0	369	0	77.6	https://ts81.travian.com/karte.php?x=51&y=-30
275936	-9	56	2	2551	dreamza9033	1929	dreamza9033	0		27	27	0	27	0	77.9	https://ts81.travian.com/karte.php?x=-9&y=56
334470	52	-17	1	2404	rypalek`s village	1809	rypalek	0		8	8	0	8	0	78.1	https://ts81.travian.com/karte.php?x=52&y=-17
276742	-4	55	3	2340	General`s village	1742	General	0		12	12	0	12	0	78.2	https://ts81.travian.com/karte.php?x=-4&y=55
285576	19	44	3	1515	VIP07`s village	1039	VIP07	0		21	21	0	21	0	78.2	https://ts81.travian.com/karte.php?x=19&y=44
314440	47	8	2	1506	1	1017	Logical Mind	0		10	10	0	10	0	78.2	https://ts81.travian.com/karte.php?x=47&y=8
279957	7	51	2	1843	Toxthicc`s village	1280	Toxthicc	0		14	14	0	14	0	78.3	https://ts81.travian.com/karte.php?x=7&y=51
274325	-18	58	1	3126	Bowman`s village	2299	Bowman	0		22	22	0	22	0	78.4	https://ts81.travian.com/karte.php?x=-18&y=58
301616	39	24	2	1225	A 01	627	TheDarthOne	0		9	9	0	9	0	78.5	https://ts81.travian.com/karte.php?x=39&y=24
289588	26	39	1	1377	Partin	900	Naeghil	0		136	136	0	136	0	78.6	https://ts81.travian.com/karte.php?x=26&y=39
290390	27	38	3	1305	Testi	882	Rhys	0		114	114	0	109	5	78.6	https://ts81.travian.com/karte.php?x=27&y=38
295202	33	32	2	1255	sagitta	830	Eratosthenes	0		84	84	0	84	0	78.6	https://ts81.travian.com/karte.php?x=33&y=32
279155	6	52	3	1928	Mafia kamikaze`s village	1329	Mafia kamikaze	0		63	63	0	63	0	78.8	https://ts81.travian.com/karte.php?x=6&y=52
311235	46	12	3	1432	Tops`s village	952	Tops	0		12	12	0	12	0	78.8	https://ts81.travian.com/karte.php?x=46&y=12
315242	48	7	1	1580	4	1118	4fun	0		25	25	0	25	0	78.8	https://ts81.travian.com/karte.php?x=48&y=7
345684	52	-31	3	3291	yolcu`s village	2375	yolcu	0		8	8	0	8	0	78.8	https://ts81.travian.com/karte.php?x=52&y=-31
282367	14	48	3	1691	Hannibal	1208	Hannibal baraca	0		345	345	0	345	0	78.9	https://ts81.travian.com/karte.php?x=14&y=48
304823	42	20	2	1431	ZZZ`s village	948	ZZZ	0		14	14	0	14	0	78.9	https://ts81.travian.com/karte.php?x=42&y=20
354493	50	-42	3	6563	Motty`s village	2801	Motty	0		8	8	0	0	8	79.1	https://ts81.travian.com/karte.php?x=50&y=-42
283973	18	46	3	1536	Dodens`s village	1073	Dodens	0		8	8	0	8	0	79.3	https://ts81.travian.com/karte.php?x=18&y=46
305625	43	19	1	1383	Puff daddy`s village	946	Puff daddy	0		30	30	0	30	0	79.3	https://ts81.travian.com/karte.php?x=43&y=19
296807	36	30	2	1314	dmitic016`s village	875	dmitic016	0		8	8	0	8	0	79.6	https://ts81.travian.com/karte.php?x=36&y=30
328864	53	-10	3	2286	Frost	1637	bun_bunmee	0		13	13	0	13	0	79.6	https://ts81.travian.com/karte.php?x=53&y=-10
274334	-9	58	2	2867	Than`s village	2103	Than	0		12	12	0	12	0	79.8	https://ts81.travian.com/karte.php?x=-9&y=58
353693	51	-41	2	6365	poker`s village	2741	poker	0		11	11	0	11	0	79.8	https://ts81.travian.com/karte.php?x=51&y=-41
289590	28	39	2	1486	Asi	1005	asi	0		30	30	0	30	0	80.0	https://ts81.travian.com/karte.php?x=28&y=39
312038	48	11	3	1537	Normandy	1074	Claude	0		30	30	0	30	0	80.2	https://ts81.travian.com/karte.php?x=48&y=11
340880	54	-25	3	3087	SıYRıK - (1)	2269	iHTiYaR1967	0		53	53	0	53	0	80.2	https://ts81.travian.com/karte.php?x=54&y=-25
283975	20	46	2	1619	Southmont	1143	Harrison	0		22	22	0	22	0	80.4	https://ts81.travian.com/karte.php?x=20&y=46
352893	52	-40	1	6709	Krim`s village	2835	Krim	0		8	8	0	0	8	80.5	https://ts81.travian.com/karte.php?x=52&y=-40
293601	34	34	1	1522	Anadriel`s village	1053	Anadriel	0		11	11	0	11	0	80.7	https://ts81.travian.com/karte.php?x=34&y=34
284778	22	45	1	1698	Rafistan`s village	1209	Rafistan	0		11	11	0	11	0	80.8	https://ts81.travian.com/karte.php?x=22&y=45
271917	-23	61	3	6429	Dep3che`s village	2755	Dep3che	0		22	22	0	17	5	81.1	https://ts81.travian.com/karte.php?x=-23&y=61
296007	37	31	1	1509	00	1016	Julius	0		47	47	0	47	0	81.1	https://ts81.travian.com/karte.php?x=37&y=31
313642	50	9	2	1766	LIETUVA`s village	1246	LIETUVA	0		24	24	0	24	0	81.3	https://ts81.travian.com/karte.php?x=50&y=9
273536	-6	59	1	2837	00. Atreiu	2089	Atreiu	0		98	98	0	98	0	81.5	https://ts81.travian.com/karte.php?x=-6&y=59
311238	49	12	3	1700	Mithrandir`s village	1196	Mithrandir	0		8	8	0	8	0	81.5	https://ts81.travian.com/karte.php?x=49&y=12
317649	52	4	2	1927	1	1333	Gorgasalo	0		42	42	0	42	0	81.6	https://ts81.travian.com/karte.php?x=52&y=4
272732	-9	60	1	3178	muratgundogdu`s village	2317	muratgundogdu	0		8	8	0	8	0	81.8	https://ts81.travian.com/karte.php?x=-9&y=60
271926	-14	61	3	5458	Arlandria`s village	2547	Arlandria	0		26	26	0	26	0	81.9	https://ts81.travian.com/karte.php?x=-14&y=61
274342	-1	58	3	2671	Home	2001	hudsonus	0		71	71	0	71	0	81.9	https://ts81.travian.com/karte.php?x=-1&y=58
308834	48	15	1	1699	poru`s village	1207	poru	0		8	8	0	8	0	81.9	https://ts81.travian.com/karte.php?x=48&y=15
336877	56	-20	3	2951	ev1`s village	2165	ev1	0		8	8	0	8	0	82.0	https://ts81.travian.com/karte.php?x=56&y=-20
338479	56	-22	3	3000	TRY`s village	2203	TRY	0		13	13	0	13	0	82.0	https://ts81.travian.com/karte.php?x=56&y=-22
271928	-12	61	1	3334	Majosick`s village	2412	Majosick	0		13	13	0	13	0	82.2	https://ts81.travian.com/karte.php?x=-12&y=61
287187	28	42	3	1682	Red Wizard`s village	1180	Red Wizard	0		12	12	0	12	0	82.2	https://ts81.travian.com/karte.php?x=28&y=42
297612	40	29	1	1608	ANARCH`s village	1139	ANARCH	0		12	12	0	12	0	82.2	https://ts81.travian.com/karte.php?x=40&y=29
275147	3	57	1	2527	plazeph	1907	plazeph	0		41	41	0	41	0	82.3	https://ts81.travian.com/karte.php?x=3&y=57
281571	19	49	1	2175	Musashi`s village	1497	Musashi	0		12	12	0	12	0	82.4	https://ts81.travian.com/karte.php?x=19&y=49
315246	52	7	3	1957	Maniac	1370	Maniac	0		16	16	0	16	0	82.5	https://ts81.travian.com/karte.php?x=52&y=7
273540	-2	59	3	2829	ihosu`s village	2072	ihosu	0		10	10	0	10	0	82.6	https://ts81.travian.com/karte.php?x=-2&y=59
284781	25	45	2	1863	00	1295	nesito	0		89	89	0	89	0	82.6	https://ts81.travian.com/karte.php?x=25&y=45
320054	54	1	3	2263	PokerStars`s village	1622	PokerStars	0		16	16	0	16	0	82.7	https://ts81.travian.com/karte.php?x=54&y=1
283979	24	46	2	2062	1artoor1`s village	1394	1artoor1	0		55	55	0	55	0	82.8	https://ts81.travian.com/karte.php?x=24&y=46
287990	30	41	1	1776	01	1265	q6ko	0		20	20	0	20	0	82.8	https://ts81.travian.com/karte.php?x=30&y=41
279164	15	52	1	2196	cyzman1`s village	1521	cyzman1	0		32	32	0	32	0	82.9	https://ts81.travian.com/karte.php?x=15&y=52
283177	23	47	1	1938	ernizjezierni`s village	1332	ernizjezierni	10	GRYF PL	114	114	0	112	2	83.0	https://ts81.travian.com/karte.php?x=23&y=47
285584	27	44	1	2060	Katniss`s village	1400	Katniss	0		11	11	0	11	0	83.1	https://ts81.travian.com/karte.php?x=27&y=44
276756	10	55	3	2453	Zita`s village	1854	Zita	78	Ff	398	398	0	398	0	83.2	https://ts81.travian.com/karte.php?x=10&y=55
293605	38	34	2	1925	dafix`s village	1328	dafix	0		26	26	0	26	0	83.7	https://ts81.travian.com/karte.php?x=38&y=34
335277	58	-18	3	3250	Lorenzon`s village	2360	Lorenzon	0		8	8	0	8	0	84.0	https://ts81.travian.com/karte.php?x=58&y=-18
308035	50	16	1	1993	milko333	1383	milko333	0		13	13	0	13	0	84.1	https://ts81.travian.com/karte.php?x=50&y=16
333675	58	-16	1	3125	The Core	2297	Zhinryu	0		132	132	0	125	7	84.1	https://ts81.travian.com/karte.php?x=58&y=-16
283179	25	47	2	2105	SKOG01	1437	Skoogi	0		108	108	0	108	0	84.2	https://ts81.travian.com/karte.php?x=25&y=47
287992	32	41	1	1942	NO1	1343	NO1_TEAM	0		31	31	0	31	0	84.2	https://ts81.travian.com/karte.php?x=32&y=41
313645	53	9	1	2255	Folkert`s village	1601	Folkert	0		10	10	0	10	0	84.2	https://ts81.travian.com/karte.php?x=53&y=9
279167	18	52	3	2361	sibun ih`s village	1789	sibun ih	0		12	12	0	12	0	84.4	https://ts81.travian.com/karte.php?x=18&y=52
285586	29	44	3	2182	sule_cro`s village	1512	sule_cro	0		23	23	0	23	0	84.4	https://ts81.travian.com/karte.php?x=29&y=44
317652	55	4	3	2272	Elber galarga`s village	1625	Elber galarga	0		10	10	0	10	0	84.5	https://ts81.travian.com/karte.php?x=55&y=4
279970	20	51	3	2349	Zigis-test`s village	1766	Zigis-test	0		58	58	0	58	0	84.6	https://ts81.travian.com/karte.php?x=20&y=51
283982	27	46	3	2190	lorderfan`s village	1520	lorderfan	0		13	13	0	13	0	84.6	https://ts81.travian.com/karte.php?x=27&y=46
344889	58	-30	1	6463	Jin Kurtubi.	2765	Jin Kurtubi.	0		22	22	0	15	7	84.6	https://ts81.travian.com/karte.php?x=58&y=-30
302425	47	23	2	2020	001	1396	Darkice91	0		76	76	0	76	0	84.7	https://ts81.travian.com/karte.php?x=47&y=23
276760	14	55	1	2579	Winz`s village	1939	Winz	0		8	8	0	8	0	85.0	https://ts81.travian.com/karte.php?x=14&y=55
272744	3	60	3	5719	New village	1854	Zita	78	Ff	37	37	0	4	33	85.1	https://ts81.travian.com/karte.php?x=3&y=60
309639	52	14	2	2260	Mrs owl`s village	1603	Mrs owl	0		19	19	0	19	0	85.1	https://ts81.travian.com/karte.php?x=52&y=14
334477	59	-17	1	3240	fatallek`s village	1350	fatallek	0		8	8	0	8	0	85.1	https://ts81.travian.com/karte.php?x=59&y=-17
340084	59	-24	1	6307	ala-la`s village	2721	ala-la	0		30	30	0	30	0	85.1	https://ts81.travian.com/karte.php?x=59&y=-24
315249	55	7	2	2347	Assissin creed`s village	1756	Assissin creed	0		46	46	0	46	0	85.4	https://ts81.travian.com/karte.php?x=55&y=7
289598	36	39	1	2131	Maresca`s village	1470	Maresca	0		8	8	0	8	0	85.6	https://ts81.travian.com/karte.php?x=36&y=39
295211	42	32	2	2124	BattleRabbit`s village	1462	BattleRabbit	0		8	8	0	8	0	85.6	https://ts81.travian.com/karte.php?x=42&y=32
328870	59	-10	2	3069	Ryan`s village	2257	Ryan	0		10	10	0	10	0	85.6	https://ts81.travian.com/karte.php?x=59&y=-10
271138	-1	62	1	3308	Pheriv`s village	2387	Pheriv	0		8	8	0	8	0	85.7	https://ts81.travian.com/karte.php?x=-1&y=62
323262	58	-3	1	2758	01	362	El Dientes!	0		431	431	0	431	0	85.7	https://ts81.travian.com/karte.php?x=58&y=-3
299220	46	27	3	2186	00 ♛	1513	tourist	0		60	60	0	60	0	86.0	https://ts81.travian.com/karte.php?x=46&y=27
316051	56	6	1	2452	Ketamine`s village	1851	Ketamine	0		10	10	0	10	0	86.0	https://ts81.travian.com/karte.php?x=56&y=6
274354	11	58	3	2901	toannd`s village	2131	toannd	0		8	8	0	8	0	86.3	https://ts81.travian.com/karte.php?x=11&y=58
275960	15	56	1	2628	romek510`s village	1976	romek510	0		33	33	0	33	0	86.4	https://ts81.travian.com/karte.php?x=15&y=56
304030	50	21	3	2262	Anny ford`s village	1612	Anny ford	0		26	26	0	26	0	86.4	https://ts81.travian.com/karte.php?x=50&y=21
320058	58	1	1	2635	Rodfried`s	1979	Rodfried	0		166	166	0	150	16	86.6	https://ts81.travian.com/karte.php?x=58&y=1
323263	59	-3	1	5307	New village	362	El Dientes!	0		12	12	0	12	0	86.7	https://ts81.travian.com/karte.php?x=59&y=-3
296816	45	30	3	2226	3Q9527`s village	1488	3Q9527	0		17	17	0	17	0	86.8	https://ts81.travian.com/karte.php?x=45&y=30
309641	54	14	1	2427	A3	1829	A3ddy	0		96	96	0	96	0	86.9	https://ts81.travian.com/karte.php?x=54&y=14
336882	61	-20	3	6269	1	2703	F16	0		10	10	0	10	0	87.0	https://ts81.travian.com/karte.php?x=61&y=-20
267923	-12	66	2	7020	Pur3vil`s village	2921	Pur3vil	0		10	10	0	0	10	87.1	https://ts81.travian.com/karte.php?x=-12&y=66
334479	61	-17	1	5286	KONOHA	2538	Uchiha8Itachi	0		19	19	0	19	0	87.1	https://ts81.travian.com/karte.php?x=61&y=-17
280777	26	50	1	2464	Dayan`s village	1847	Dayan	0		9	9	0	9	0	87.2	https://ts81.travian.com/karte.php?x=26&y=50
291204	40	37	2	2268	Mulilator	1632	Mulilator	0		27	27	0	27	0	87.2	https://ts81.travian.com/karte.php?x=40&y=37
295213	44	32	3	2245	VILL`s village	1595	VILL	0		33	33	0	33	0	87.2	https://ts81.travian.com/karte.php?x=44&y=32
305634	52	19	3	2350	Astralian`s village	1763	Astralian	0		12	12	0	12	0	87.2	https://ts81.travian.com/karte.php?x=52&y=19
330474	61	-12	1	5215	DJOLE_WALKER`s village	2512	DJOLE_WALKER	0		8	8	0	8	0	87.4	https://ts81.travian.com/karte.php?x=61&y=-12
272751	10	60	3	3208	Kingsbridge	2324	bookworm	0		13	13	0	13	0	87.7	https://ts81.travian.com/karte.php?x=10&y=60
288799	38	40	2	2301	01 Sold-Out	1681	leider geil	0		15	15	0	15	0	87.7	https://ts81.travian.com/karte.php?x=38&y=40
276766	20	55	1	2868	Tartarus	2104	Tartarus420	0		74	74	0	74	0	88.0	https://ts81.travian.com/karte.php?x=20&y=55
311245	56	12	2	2580	99	1940	Spongebob	0		17	17	0	17	0	88.0	https://ts81.travian.com/karte.php?x=56&y=12
300826	50	25	3	2449	Tester`s village	361	Tester	0		50	50	0	50	0	88.3	https://ts81.travian.com/karte.php?x=50&y=25
283186	32	47	2	2485	SmirkingJay`s village	1874	SmirkingJay	0		26	26	0	26	0	88.6	https://ts81.travian.com/karte.php?x=32&y=47
290404	41	38	3	2466	Valhalla	1860	PinkY	0		68	68	0	68	0	88.6	https://ts81.travian.com/karte.php?x=41&y=38
303231	52	22	2	2465	Alsokar`s village	1859	Alsokar	0		15	15	0	15	0	88.6	https://ts81.travian.com/karte.php?x=52&y=22
328873	62	-10	3	5714	LaLaL`s village	2586	LaLaL	0		11	11	0	11	0	88.6	https://ts81.travian.com/karte.php?x=62&y=-10
279175	26	52	3	2678	hoal`s village	2006	hoal	0		9	9	0	9	0	88.8	https://ts81.travian.com/karte.php?x=26&y=52
295215	46	32	1	2402	pearl	1526	pearl	0		117	117	0	117	0	88.8	https://ts81.travian.com/karte.php?x=46&y=32
281582	30	49	1	2522	ozysov	1906	ozy	17	salling	186	186	0	172	14	88.9	https://ts81.travian.com/karte.php?x=30&y=49
267932	-3	66	2	6564	001	2800	oohori	0		12	12	0	0	12	89.0	https://ts81.travian.com/karte.php?x=-3&y=66
304033	53	21	3	2537	Manowski 2001`s village	1920	Manowski 2001	0		8	8	0	8	0	89.0	https://ts81.travian.com/karte.php?x=53&y=21
321663	61	-1	3	3273	Mimo`s village	2363	Mimo	0		8	8	0	8	0	89.1	https://ts81.travian.com/karte.php?x=61&y=-1
279978	28	51	3	2619	Archer`s village	1963	Archer	0		420	420	0	407	13	89.2	https://ts81.travian.com/karte.php?x=28&y=51
315253	59	7	2	2824	Iran`s village	2079	Iran	0		15	15	0	15	0	89.2	https://ts81.travian.com/karte.php?x=59&y=7
270345	7	63	2	5288	Blur`s village	2539	Blur	0		8	8	0	8	0	89.3	https://ts81.travian.com/karte.php?x=7&y=63
269542	5	64	1	5746	OMID`s village	2609	OMID	43	Iran	21	21	0	21	0	89.5	https://ts81.travian.com/karte.php?x=5&y=64
306438	55	18	1	2682	00-Portugal	2012	Crazyshot	0		34	34	0	34	0	89.5	https://ts81.travian.com/karte.php?x=55&y=18
322465	62	-2	1	5144	Bjelovar	2470	vladek	0		11	11	0	11	0	89.8	https://ts81.travian.com/karte.php?x=62&y=-2
335283	64	-18	1	6705	Viza`s village	2833	Viza	0		8	8	0	0	8	90.0	https://ts81.travian.com/karte.php?x=64&y=-18
276770	24	55	3	3013	01	2211	Only One	0		95	95	0	95	0	90.1	https://ts81.travian.com/karte.php?x=24&y=55
277573	26	54	1	3008	Maus`s village	2156	Maus	0		23	23	0	23	0	90.4	https://ts81.travian.com/karte.php?x=26&y=54
292010	45	36	1	2583	00_Astanapane	1943	Astanapane	0		32	32	0	32	0	90.4	https://ts81.travian.com/karte.php?x=45&y=36
295217	48	32	1	2684	1	2014	edubrother	44	LUSOBRAS	116	116	0	111	5	90.4	https://ts81.travian.com/karte.php?x=48&y=32
300027	52	26	2	2679	Karma	2008	Karmas	0		26	26	0	26	0	90.6	https://ts81.travian.com/karte.php?x=52&y=26
267938	3	66	3	6769	Alka Ida`s village	2860	Alka Ida	0		11	11	0	0	11	90.8	https://ts81.travian.com/karte.php?x=3&y=66
268742	6	65	1	6290	Luyelune`s village	2712	Luyelune	0		46	46	0	20	26	90.8	https://ts81.travian.com/karte.php?x=6&y=65
293614	47	34	2	2677	TimingGor`s village	2005	TimingGor	0		109	109	0	104	5	90.8	https://ts81.travian.com/karte.php?x=47&y=34
316056	61	6	2	3177	Alen.prof.mag.`s village	2313	Alen.prof.mag.	0		19	19	0	19	0	90.8	https://ts81.travian.com/karte.php?x=61&y=6
304837	56	20	2	2900	bhasvic`s village	2133	bhasvic	0		13	13	0	13	0	91.2	https://ts81.travian.com/karte.php?x=56&y=20
270350	12	63	1	6131	Berlusconi`s village	2661	Berlusconi	0		17	17	0	17	0	91.3	https://ts81.travian.com/karte.php?x=12&y=63
328075	65	-9	1	6920	Gurizão`s village	2904	Gurizão	0		16	16	0	0	16	91.7	https://ts81.travian.com/karte.php?x=65&y=-9
291210	46	37	1	2895	xantimas`s village	2125	xantimas	0		17	17	0	17	0	91.8	https://ts81.travian.com/karte.php?x=46&y=37
311249	60	12	3	3214	mohammad410`s village	2327	mohammad410	0		12	12	0	12	0	91.8	https://ts81.travian.com/karte.php?x=60&y=12
322467	64	-2	3	5830	zezox`s village	2629	zezox	0		14	14	0	14	0	91.8	https://ts81.travian.com/karte.php?x=64&y=-2
268745	9	65	1	6703	Amirhakha`s village	2827	Amirhakha	0		8	8	0	0	8	91.9	https://ts81.travian.com/karte.php?x=9&y=65
312852	61	10	1	3323	Liberty`s village	2398	Liberty	0		18	18	0	18	0	92.0	https://ts81.travian.com/karte.php?x=61&y=10
267942	7	66	1	6718	Ozy_ZA`s village	2853	Ozy_ZA	0		10	10	0	0	10	92.1	https://ts81.travian.com/karte.php?x=7&y=66
271155	16	62	1	5727	TEST	2597	DottorX	0		17	17	0	17	0	92.1	https://ts81.travian.com/karte.php?x=16&y=62
288003	43	41	1	2759	Wu Lyf	2043	Wu Lyf	0		117	117	0	117	0	92.1	https://ts81.travian.com/karte.php?x=43&y=41
271958	18	61	3	6163	JayLeen`s village	2666	JayLeen	0		12	12	0	12	0	92.2	https://ts81.travian.com/karte.php?x=18&y=61
280785	34	50	1	3052	giang17`s village	2253	giang17	0		8	8	0	8	0	92.2	https://ts81.travian.com/karte.php?x=34&y=50
301632	55	24	2	3051	What s that?	2251	Doctor What	0		13	13	0	13	0	92.2	https://ts81.travian.com/karte.php?x=55&y=24
308044	59	16	3	3211	Trebuchet	905	Trebuchet	0		83	83	0	83	0	92.3	https://ts81.travian.com/karte.php?x=59&y=16
270353	15	63	1	6231	BALAN`s village	2691	BALAN	0		35	35	0	35	0	92.6	https://ts81.travian.com/karte.php?x=15&y=63
278379	31	53	2	3200	Sirkata`s village	2323	Sirkata	0		10	10	0	10	0	92.6	https://ts81.travian.com/karte.php?x=31&y=53
296823	52	30	1	3056	centex`s village	2256	centex	0		48	48	0	48	0	92.6	https://ts81.travian.com/karte.php?x=52&y=30
302434	56	23	1	3213	forest`s village	2325	forest	0		63	63	0	55	8	92.6	https://ts81.travian.com/karte.php?x=56&y=23
304037	57	21	3	3176	Garden	2312	bgh251f2	0		115	115	0	111	4	92.6	https://ts81.travian.com/karte.php?x=57&y=21
267140	6	67	2	6958	M1	2911	sshana	0		14	14	0	0	14	92.7	https://ts81.travian.com/karte.php?x=6&y=67
268747	11	65	3	6676	Rock`s village	2820	Rock	0		8	8	0	0	8	92.7	https://ts81.travian.com/karte.php?x=11&y=65
282390	37	48	2	3115	01.Preciziei	2288	rarry	0		69	69	0	65	4	92.7	https://ts81.travian.com/karte.php?x=37&y=48
283192	38	47	2	3054	1	2254	old wolf	0		37	37	0	37	0	92.7	https://ts81.travian.com/karte.php?x=38&y=47
294418	50	33	1	2989	1	2202	Amael	0		27	27	0	27	0	92.7	https://ts81.travian.com/karte.php?x=50&y=33
316058	63	6	1	5203	maryam`s village	2130	maryam	0		8	8	0	8	0	92.7	https://ts81.travian.com/karte.php?x=63&y=6
304839	58	20	2	3219	sonice`s village	2328	sonice	0		8	8	0	8	0	93.0	https://ts81.travian.com/karte.php?x=58&y=20
289608	46	39	3	3037	esgTR`s village	2234	esgTR	0		8	8	0	8	0	93.1	https://ts81.travian.com/karte.php?x=46&y=39
298427	54	28	2	3220	0	2329	test007	0		12	12	0	12	0	93.3	https://ts81.travian.com/karte.php?x=54&y=28
316860	64	5	2	5747	jetsonray`s village	2607	jetsonray	0		43	43	0	43	0	93.4	https://ts81.travian.com/karte.php?x=64&y=5
320065	65	1	2	6221	D.A.M.D.O.S	2684	D.A.M.D.O.s	0		9	9	0	9	0	93.4	https://ts81.travian.com/karte.php?x=65&y=1
272764	23	60	3	6118	iopi`s village	2644	iopi	0		11	11	0	11	0	93.8	https://ts81.travian.com/karte.php?x=23&y=60
270356	18	63	2	6565	stewie`s village	2802	stewie	0		8	8	0	0	8	93.9	https://ts81.travian.com/karte.php?x=18&y=63
275172	28	57	2	6161	LocoMotor`s village	2664	LocoMotor	0		8	8	0	8	0	94.0	https://ts81.travian.com/karte.php?x=28&y=57
320867	66	0	3	6722	Guardiano`s village	2855	Guardiano	0		18	18	0	0	18	94.1	https://ts81.travian.com/karte.php?x=66&y=0
286402	44	43	1	3230	n4nni`s village	2332	n4nni	0		415	415	0	407	8	94.2	https://ts81.travian.com/karte.php?x=44&y=43
279184	35	52	2	5650	youcancallmexo`s village	2553	youcancallmexo	0		12	12	0	12	0	94.4	https://ts81.travian.com/karte.php?x=35&y=52
271160	21	62	3	6203	Guld	2673	Guld	0		9	9	0	9	0	94.5	https://ts81.travian.com/karte.php?x=21&y=62
273568	26	59	1	6133	Sunnykong1`s village	2620	Sunnykong1	0		8	8	0	8	0	94.6	https://ts81.travian.com/karte.php?x=26&y=59
300032	57	26	2	5652	TaSK`s village	2559	TaSK	0		8	8	0	8	0	94.9	https://ts81.travian.com/karte.php?x=57&y=26
288007	47	41	1	3249	hadi304`s village	2149	hadi304	0		12	12	0	12	0	95.1	https://ts81.travian.com/karte.php?x=47&y=41
300834	58	25	2	5138	01. My ToWN	2462	AleGsZ	0		31	31	0	31	0	95.3	https://ts81.travian.com/karte.php?x=58&y=25
302437	59	23	3	5559	Avallach`s village	2548	Avallach	0		8	8	0	8	0	95.3	https://ts81.travian.com/karte.php?x=59&y=23
305643	61	19	2	6143	XD-YouR-FuNNY`s village	2662	XD-YouR-FuNNY	0		13	13	0	13	0	95.3	https://ts81.travian.com/karte.php?x=61&y=19
298430	57	28	3	6167	quadra`s village	2670	quadra	0		33	33	0	33	0	95.9	https://ts81.travian.com/karte.php?x=57&y=28
314459	66	8	1	6534	Tokyo`s village	2794	Tokyo	0		30	30	0	0	30	96.2	https://ts81.travian.com/karte.php?x=66&y=8
292819	53	35	2	5721	Ataturk1921`s village	2593	Ataturk1921	0		26	26	0	26	0	96.3	https://ts81.travian.com/karte.php?x=53&y=35
300034	59	26	3	6146	TTT`s village	2660	TTT	0		8	8	0	8	0	96.6	https://ts81.travian.com/karte.php?x=59&y=26
282396	43	48	2	5718	Dog`s village	2591	Dog	0		12	12	0	12	0	96.9	https://ts81.travian.com/karte.php?x=43&y=48
285604	47	44	1	6145	MASTER`s village	2655	MASTER	0		8	8	0	8	0	97.1	https://ts81.travian.com/karte.php?x=47&y=44
305645	63	19	1	6639	Mbriacu`s village	2813	Mbriacu	0		13	13	0	0	13	97.2	https://ts81.travian.com/karte.php?x=63&y=19
276782	36	55	1	6467	Antares`s village	2768	Antares	0		10	10	0	8	2	97.3	https://ts81.travian.com/karte.php?x=36&y=55
296829	58	30	3	6393	Ciaociao`s village	2746	Ciaociao	0		27	27	0	27	0	97.8	https://ts81.travian.com/karte.php?x=58&y=30
290416	53	38	2	6311	pastor`s village	2718	pastor	0		18	18	0	18	0	98.0	https://ts81.travian.com/karte.php?x=53&y=38
287209	50	42	2	6190	TheGhost	2671	TheGhost	0		9	9	0	9	0	98.1	https://ts81.travian.com/karte.php?x=50&y=42
300036	61	26	2	6681	poo	2824	poo	0		12	12	0	0	12	98.4	https://ts81.travian.com/karte.php?x=61&y=26
298433	60	28	1	6717	studentleo`s village	2668	studentleo	0		8	8	0	0	8	98.5	https://ts81.travian.com/karte.php?x=60&y=28
282399	46	48	3	6763	tychus`s village	2857	tychus	0		8	8	0	0	8	99.0	https://ts81.travian.com/karte.php?x=46&y=48
288814	53	40	1	6759	rubiks7`s village	2858	rubiks7	0		8	8	0	0	8	99.2	https://ts81.travian.com/karte.php?x=53&y=40
289617	55	39	3	6906	boringtree53`s village	2890	boringtree53	0		8	8	0	0	8	100.2	https://ts81.travian.com/karte.php?x=55&y=39
